serial_no,stockist_code,stockist_name,month,filename,division_code,product_name,company_product_name,pack,opening_qty,opening_value,purchase_qty,purchase_value,sales_qty,sales_value,closing_qty,closing_value,Remark
1,10000068,Stockist 10000068,2026-02,10000068_20260202_180543_ST-AH-JAN-2026-02022026-1.xlsx,34,DUPHASTON 10MG TAB,DUPHASTON TABLETS 10MG 10'S (F.C.),10TAB,28,,0,,23,15803,5,3092,
2,10000068,Stockist 10000068,2026-02,10000068_20260202_180543_ST-AH-JAN-2026-02022026-1.xlsx,34,ESTRABET GEL,Estrabet Gel 80 gm,80GM,0,,90,,75,65225,15,12402,
3,10000068,Stockist 10000068,2026-02,10000068_20260202_180543_ST-AH-JAN-2026-02022026-1.xlsx,34,ESTRABET 1MG TAB,,28TAB,22,,0,,8,1874,14,3235,
4,10000068,Stockist 10000068,2026-02,10000068_20260202_180543_ST-AH-JAN-2026-02022026-1.xlsx,34,ESTRABET 2MG TAB,Estrabet 2mg tablet 28s USP,28TAB,28,,10,,15,7816,23,10786,
5,10000068,Stockist 10000068,2026-02,10000068_20260202_180543_ST-AH-JAN-2026-02022026-1.xlsx,34,FEMOSTON 1/10,,28,13,,0,,0,0,10,9109,
6,10000068,Stockist 10000068,2026-02,10000068_20260202_180543_ST-AH-JAN-2026-02022026-1.xlsx,34,SOLFE EXTRA TAB,Solfe Extra tablets 15s,15,9,,0,,3,648,6,1167,
7,10000068,Stockist 10000068,2026-02,10000068_20260202_180543_ST-AH-JAN-2026-02022026-1.xlsx,34,SOLFE FCM 50MG INJ,Solfe FCM inj 10 ml,10ML,12,,0,,0,0,12,12720,
8,10000068,Stockist 10000068,2026-02,10000068_20260207_165809_ST-AH-FEB-2026-07022026-1.xlsx,34,DUPHASTON 10MG TAB,DUPHASTON TABLETS 10MG 10'S (F.C.),10TAB,5,,0,,3,2061,0,0,
9,10000068,Stockist 10000068,2026-02,10000068_20260207_165809_ST-AH-FEB-2026-07022026-1.xlsx,34,ESTRABET GEL,Estrabet Gel 80 gm,80GM,15,,0,,1,919,14,11575,
10,10000068,Stockist 10000068,2026-02,10000068_20260207_165809_ST-AH-FEB-2026-07022026-1.xlsx,34,ESTRABET 1MG TAB,,28TAB,14,,0,,2,462,12,2773,
11,10000068,Stockist 10000068,2026-02,10000068_20260207_165809_ST-AH-FEB-2026-07022026-1.xlsx,34,ESTRABET 2MG TAB,Estrabet 2mg tablet 28s USP,28TAB,23,,0,,0,0,33,15476,
12,10000068,Stockist 10000068,2026-02,10000068_20260207_165809_ST-AH-FEB-2026-07022026-1.xlsx,34,FEMOSTON 1/10,,28,10,,0,,0,0,10,9109,
13,10000068,Stockist 10000068,2026-02,10000068_20260207_165809_ST-AH-FEB-2026-07022026-1.xlsx,34,SOLFE EXTRA TAB,Solfe Extra tablets 15s,15,6,,0,,0,0,6,1167,
14,10000068,Stockist 10000068,2026-02,10000068_20260207_165809_ST-AH-FEB-2026-07022026-1.xlsx,34,SOLFE FCM 50MG INJ,Solfe FCM inj 10 ml,10ML,12,,0,,0,0,12,12720,
15,10000068,Stockist 10000068,2026-02,10000068_20260214_182336_ST-AH-FEB-2026-14022026-1.xlsx,34,DUPHASTON 10MG TAB,DUPHASTON TABLETS 10MG 10'S (F.C.),10TAB,5,,0,,3,2061,0,0,
16,10000068,Stockist 10000068,2026-02,10000068_20260214_182336_ST-AH-FEB-2026-14022026-1.xlsx,34,ESTRABET GEL,Estrabet Gel 80 gm,80GM,15,,0,,15,12494,0,0,
17,10000068,Stockist 10000068,2026-02,10000068_20260214_182336_ST-AH-FEB-2026-14022026-1.xlsx,34,ESTRABET 1MG TAB,,28TAB,14,,0,,9,2157,5,1155,
18,10000068,Stockist 10000068,2026-02,10000068_20260214_182336_ST-AH-FEB-2026-14022026-1.xlsx,34,ESTRABET 2MG TAB,Estrabet 2mg tablet 28s USP,28TAB,23,,0,,33,15684,0,0,
19,10000068,Stockist 10000068,2026-02,10000068_20260214_182336_ST-AH-FEB-2026-14022026-1.xlsx,34,FEMOSTON 1/10,,28,10,,0,,1,1012,9,8198,
20,10000068,Stockist 10000068,2026-02,10000068_20260214_182336_ST-AH-FEB-2026-14022026-1.xlsx,34,SOLFE EXTRA TAB,Solfe Extra tablets 15s,15,6,,0,,0,0,6,1167,
21,10000068,Stockist 10000068,2026-02,10000068_20260214_182336_ST-AH-FEB-2026-14022026-1.xlsx,34,SOLFE FCM 50MG INJ,Solfe FCM inj 10 ml,10ML,12,,0,,0,0,12,12720,
22,10000068,Stockist 10000068,2026-02,10000068_20260221_112235_ST-AH-FEB-2026-21022026-1.xlsx,34,DUPHASTON 10MG TAB,DUPHASTON TABLETS 10MG 10'S (F.C.),10TAB,5,,20,,8,5497,15,9276,
23,10000068,Stockist 10000068,2026-02,10000068_20260221_112235_ST-AH-FEB-2026-21022026-1.xlsx,34,ESTRABET GEL,Estrabet Gel 80 gm,80GM,15,,0,,15,12494,0,0,
24,10000068,Stockist 10000068,2026-02,10000068_20260221_112235_ST-AH-FEB-2026-21022026-1.xlsx,34,ESTRABET 1MG TAB,,28TAB,14,,0,,14,3312,0,0,
25,10000068,Stockist 10000068,2026-02,10000068_20260221_112235_ST-AH-FEB-2026-21022026-1.xlsx,34,ESTRABET 2MG TAB,Estrabet 2mg tablet 28s USP,28TAB,23,,0,,33,15684,0,0,
26,10000068,Stockist 10000068,2026-02,10000068_20260221_112235_ST-AH-FEB-2026-21022026-1.xlsx,34,FEMOSTON 1/10,,28,10,,0,,2,2024,8,7287,
27,10000068,Stockist 10000068,2026-02,10000068_20260221_112235_ST-AH-FEB-2026-21022026-1.xlsx,34,SOLFE EXTRA TAB,Solfe Extra tablets 15s,15,6,,0,,0,0,6,1167,
28,10000068,Stockist 10000068,2026-02,10000068_20260221_112235_ST-AH-FEB-2026-21022026-1.xlsx,34,SOLFE FCM 50MG INJ,Solfe FCM inj 10 ml,10ML,12,,0,,0,0,12,12720,
29,10000068,Stockist 10000068,2026-02,10000068_20260228_190503_ST-AH-FEB-2026-28022026-1.xlsx,34,DUPHASTON 10MG TAB,DUPHASTON TABLETS 10MG 10'S (F.C.),10TAB,5,,30,,10,6871,23,14223,
30,10000068,Stockist 10000068,2026-02,10000068_20260228_190503_ST-AH-FEB-2026-28022026-1.xlsx,34,ESTRABET GEL,Estrabet Gel 80 gm,80GM,15,,150,,86,71289,79,65317,
31,10000068,Stockist 10000068,2026-02,10000068_20260228_190503_ST-AH-FEB-2026-28022026-1.xlsx,34,ESTRABET 1MG TAB,,28TAB,14,,30,,14,3312,30,6932,
32,10000068,Stockist 10000068,2026-02,10000068_20260228_190503_ST-AH-FEB-2026-28022026-1.xlsx,34,ESTRABET 2MG TAB,Estrabet 2mg tablet 28s USP,28TAB,23,,80,,81,38195,32,15007,
33,10000068,Stockist 10000068,2026-02,10000068_20260228_190503_ST-AH-FEB-2026-28022026-1.xlsx,34,FEMOSTON 1/10,,28,10,,0,,4,4049,6,5466,
34,10000068,Stockist 10000068,2026-02,10000068_20260228_190503_ST-AH-FEB-2026-28022026-1.xlsx,34,SOLFE EXTRA TAB,Solfe Extra tablets 15s,15,6,,0,,0,0,6,1167,
35,10000068,Stockist 10000068,2026-02,10000068_20260228_190503_ST-AH-FEB-2026-28022026-1.xlsx,34,SOLFE FCM 50MG INJ,Solfe FCM inj 10 ml,10ML,12,,0,,0,0,12,12720,
36,10000068,Stockist 10000068,2026-02,10000068_20260228_190503_ST-AHPLIL-FEB-2026-28022026-1.xlsx,33,EPTOIN 100MG TAB,EPTOIN 100MG TAB 120S SALES,120,0,,0,,0,0,0,0,
37,10000068,Stockist 10000068,2026-02,10000068_20260228_190503_ST-AHPLIL-FEB-2026-28022026-1.xlsx,33,EPTOIN 300 ER,Eptoin 300 ER Tab 30s Pack,30,2,,20,,1,158,21,3030,
38,10000068,Stockist 10000068,2026-02,10000068_20260228_190503_ST-AHPLIL-FEB-2026-28022026-1.xlsx,33,EPTOIN INJ,,2ML,65,,0,,0,0,65,566,
39,10000068,Stockist 10000068,2026-02,10000068_20260228_190503_ST-AHPLIL-FEB-2026-28022026-1.xlsx,33,EPTOIN 50MG,EPTOIN 50 TABLET 150 S -SALE,150,23,,0,,2,203,21,1928,
40,10000068,Stockist 10000068,2026-02,10000068_20260228_190503_ST-AHPLIL-FEB-2026-28022026-1.xlsx,33,EPTOIN SUPSPEN,,200ML,0,,0,,0,0,0,0,
41,10000068,Stockist 10000068,2026-02,10000068_20260228_190503_ST-AILIMI-FEB-2026-28022026-1.xlsx,42,DIGENE MINT GEL,DIGENE GEL MINT 170 ML,200ML,146,,120,,90,12256,176,21813,
42,10000068,Stockist 10000068,2026-02,10000068_20260228_190503_ST-AILIMI-FEB-2026-28022026-1.xlsx,42,DIGENE MINT TAB,Digene tab Mint 15's,15TAB,486,,630,,521,10941,595,12281,
43,10000068,Stockist 10000068,2026-02,10000068_20260228_190503_ST-AILIMI-FEB-2026-28022026-1.xlsx,42,DIGENE MIXED FRUIT GEL,DIGENE GEL MIXED FRUIT 170 ML,200ML,19,,0,,5,661,14,1667,
44,10000068,Stockist 10000068,2026-02,10000068_20260228_190503_ST-AILIMI-FEB-2026-28022026-1.xlsx,42,DUPHALAC IP,,450ML,36,,60,,35,15750,61,24705,
45,10000068,Stockist 10000068,2026-02,10000068_20260228_190503_ST-AILIMI-FEB-2026-28022026-1.xlsx,42,ELDICET 50MG TAB,,15TAB,18,,10,,6,2550,22,8414,
46,10000068,Stockist 10000068,2026-02,10000068_20260228_190503_ST-AILIMI-FEB-2026-28022026-1.xlsx,42,GANATON 50MG TAB,GANATON 10'S,10TAB,100,,150,,165,26255,86,12316,
47,10000068,Stockist 10000068,2026-02,10000068_20260228_190503_ST-AILIMI-FEB-2026-28022026-1.xlsx,42,GANATON OD,GANATON OD 10'S,10TAB,14,,10,,7,2523,17,5515,
48,10000068,Stockist 10000068,2026-02,10000068_20260228_190503_ST-AILIMI-FEB-2026-28022026-1.xlsx,42,GANATON TOTAL CAP,,10CAP,50,,0,,20,7678,30,10366,
49,10000068,Stockist 10000068,2026-02,10000068_20260228_190503_ST-AILIMI-FEB-2026-28022026-1.xlsx,30,COLOSPA 135MG TAB,,15TAB,32,,0,,14,4338,18,5020,
50,10000068,Stockist 10000068,2026-02,10000068_20260228_190503_ST-AILIMI-FEB-2026-28022026-1.xlsx,30,COLOSPA RETARD CAP,COLOSPA RETARD CAPSULES SALES 10X15C,15CAP,41,,30,,25,11034,45,19662,
51,10000068,Stockist 10000068,2026-02,10000068_20260228_190503_ST-AILIMI-FEB-2026-28022026-1.xlsx,30,COLOSPA X TAB,Colospa X,20TAB,45,,0,,15,4785,30,8613,
52,10000068,Stockist 10000068,2026-02,10000068_20260228_190503_ST-AILIMI-FEB-2026-28022026-1.xlsx,30,CREMAPEG SALES KIT,,200ML,2,,0,,0,0,2,477,
53,10000068,Stockist 10000068,2026-02,10000068_20260228_190503_ST-AILIMI-FEB-2026-28022026-1.xlsx,30,CREMAPEG SOLUTION,,200ML,0,,0,,0,0,0,0,
54,10000068,Stockist 10000068,2026-02,10000068_20260228_190503_ST-AILIMI-FEB-2026-28022026-1.xlsx,30,DIGERAFT XT SUSPEN,Digeraft XT suspension 150 ml,200ML,14,,20,,18,3960,16,3168,
55,10000068,Stockist 10000068,2026-02,10000068_20260228_190503_ST-AILIMI-FEB-2026-28022026-1.xlsx,30,EZYBIXY 5MG TAB,Ezybixy 5mg 10s Tabs,10TAB,0,,100,,23,4661,77,14045,
56,10000068,Stockist 10000068,2026-02,10000068_20260228_190503_ST-AILIMI-FEB-2026-28022026-1.xlsx,30,FLORACHAMP SACHET ORANGE FLA.,,5GM,61,,140,,81,3625,120,4832,
57,10000068,Stockist 10000068,2026-02,10000068_20260228_190503_ST-AILIMI-FEB-2026-28022026-1.xlsx,30,UDILIV 150MG TAB,Udiliv 150 15 Tablets New formulation,15TAB,26,,100,,35,13974,91,32886,
58,10000068,Stockist 10000068,2026-02,10000068_20260228_190503_ST-AILIMI-FEB-2026-28022026-1.xlsx,30,UDILIV 300MG TAB,UDILIV 300 IP 15S,15TAB,85,,30,,33,23090,82,57147,
59,10000068,Stockist 10000068,2026-02,10000068_20260228_190503_ST-AILIMI-FEB-2026-28022026-1.xlsx,30,UDILIV 450MG TAB,,10TAB,44,,0,,6,3295,38,18779,
60,10000068,Stockist 10000068,2026-02,10000068_20260228_190503_ST-AILIMI-FEB-2026-28022026-1.xlsx,30,UDILIV 600MG TAB,UDILIV 600 IP (NEW FORMULA) 10'S,10TAB,28,,0,,0,0,28,17763,
61,10000068,Stockist 10000068,2026-02,10000068_20260228_190503_ST-AILIMI-FEB-2026-28022026-1.xlsx,30,UDISTRONG SACHET,UDISTRONG sachets sales,6.5GM,0,,0,,0,0,0,0,
62,10000068,Stockist 10000068,2026-02,10000068_20260228_190503_ST-AILIMI-FEB-2026-28022026-1.xlsx,27,ARACHITOL 6L INJ,ARACHITOL INJECTION 6L 6X1ML,6X1ML,56,,40,,36,13954,60,20930,Doubt in qty conversion
63,10000068,Stockist 10000068,2026-02,10000068_20260228_190503_ST-AILIMI-FEB-2026-28022026-1.xlsx,27,ARACHITOL NANO 60K IU SF,,4X5ML,106,,180,,171,54402,115,37514,Doubt in qty conversion
64,10000068,Stockist 10000068,2026-02,10000068_20260228_190503_ST-AILIMI-FEB-2026-28022026-1.xlsx,27,BRUFEN 200MG TAB,BRUFEN 200 mg 15's,15TAB,66,,80,,52,441,94,729,
65,10000068,Stockist 10000068,2026-02,10000068_20260228_190503_ST-AILIMI-FEB-2026-28022026-1.xlsx,27,BRUFEN 400MG TAB,BRUFEN 400 MG 15'S,20,97,,45,,75,1463,69,1211,
66,10000068,Stockist 10000068,2026-02,10000068_20260228_190503_ST-AILIMI-FEB-2026-28022026-1.xlsx,27,BRUFEN 600MG TAB,BRUFEN 600 MG 15'S,15TAB,45,,120,,68,2074,97,2907,
67,10000068,Stockist 10000068,2026-02,10000068_20260228_190503_ST-AILIMI-FEB-2026-28022026-1.xlsx,27,BRUGEL ACTIFAST GEL,BRUGEL ACTIFAST GEL 30GM,30GM,8,,0,,2,331,6,894,
68,10000068,Stockist 10000068,2026-02,10000068_20260228_190503_ST-AILIMI-FEB-2026-28022026-1.xlsx,27,CITRO-SODA,,4GM,283,,675,,489,10695,467,10078,
69,10000068,Stockist 10000068,2026-02,10000068_20260228_190503_ST-AILIMI-FEB-2026-28022026-1.xlsx,27,CITRO-SODA UTI,Citro-soda UTI 5g sachets,5GM,0,,0,,0,0,0,0,
70,10000068,Stockist 10000068,2026-02,10000068_20260228_190503_ST-AILIMI-FEB-2026-28022026-1.xlsx,27,DUVADILAN 10MG TAB,,50TAB,14,,10,,10,1745,14,2198,
71,10000068,Stockist 10000068,2026-02,10000068_20260228_190503_ST-AILIMI-FEB-2026-28022026-1.xlsx,27,DUVADILAN 5MG INJ,,6X2ML,0,,0,,0,0,0,0,
72,10000068,Stockist 10000068,2026-02,10000068_20260228_190503_ST-AILIMI-FEB-2026-28022026-1.xlsx,27,DUVADILAN RETARD CAP,DUVADILAN RETARD CAPS 10'S,15,21,,10,,10,2235,21,4223,
73,10000068,Stockist 10000068,2026-02,10000068_20260228_190503_ST-AILIMI-FEB-2026-28022026-1.xlsx,27,ZOLFRESH 10MG TAB,ZOLFRESH 10MG 15'S,15TAB,197,,350,,268,27843,279,26087,
74,10000068,Stockist 10000068,2026-02,10000068_20260228_190503_ST-AILIMI-FEB-2026-28022026-1.xlsx,27,ZOLFRESH 5MG TAB,ZOLFRESH 5 MG TABLETS - 15S,15TAB,111,,100,,99,7504,112,7641,
75,10000068,Stockist 10000068,2026-02,10000068_20260228_190503_ST-AILIMI-FEB-2026-28022026-1.xlsx,31,ABOCAL 500MG TAB,,15TAB,0,,0,,0,0,0,0,
76,10000068,Stockist 10000068,2026-02,10000068_20260228_190503_ST-AILIMI-FEB-2026-28022026-1.xlsx,31,COMBINORM CAP,,15CAP,0,,0,,0,0,0,0,
77,10000068,Stockist 10000068,2026-02,10000068_20260228_190503_ST-AILIMI-FEB-2026-28022026-1.xlsx,31,COMBINORM PLUS CAP,Combinorm Plus Capsule,NA,7,,0,,0,0,6,2819,
78,10000068,Stockist 10000068,2026-02,10000068_20260228_190503_ST-AILIMI-FEB-2026-28022026-1.xlsx,31,DIENONORM 2MG TAB,,10TAB,0,,0,,0,0,0,0,
79,10000068,Stockist 10000068,2026-02,10000068_20260228_190503_ST-AILIMI-FEB-2026-28022026-1.xlsx,31,HYTRIN 1MG TAB,,10TAB,16,,40,,25,5239,31,5846,
80,10000068,Stockist 10000068,2026-02,10000068_20260228_190503_ST-AILIMI-FEB-2026-28022026-1.xlsx,31,HYTRIN 2MG TAB,,10TAB,0,,20,,0,0,20,5589,
81,10000068,Stockist 10000068,2026-02,10000068_20260228_190503_ST-AILIMI-FEB-2026-28022026-1.xlsx,31,LINORMA T3 20MCG TAB,Linorma T3 20 mcg tabs 100s,100TAB,8,,10,,8,9643,10,11571,
82,10000068,Stockist 10000068,2026-02,10000068_20260228_190503_ST-AILIMI-FEB-2026-28022026-1.xlsx,31,LINORMA T3 5 MCG TAB,Linorma T3 20 mcg tabs 100s,100,10,,10,,10,9500,11,9900,
83,10000068,Stockist 10000068,2026-02,10000068_20260228_190503_ST-AILIMI-FEB-2026-28022026-1.xlsx,31,SURBEX GOLD CAP,SURBEX GOLD CAPSULE 15S,15CAP,4,,10,,4,939,10,2113,
84,10000068,Stockist 10000068,2026-02,10000068_20260228_190503_ST-AILIMI-FEB-2026-28022026-1.xlsx,31,THYROCAL D3 TAB,,30TAB,0,,0,,0,0,0,0,
85,10000068,Stockist 10000068,2026-02,10000068_20260228_190503_ST-AILIMI-FEB-2026-28022026-1.xlsx,31,THYRONORM (100MCG)TAB,,120TAB,105,,60,,112,14406,57,6598,
86,10000068,Stockist 10000068,2026-02,10000068_20260228_190503_ST-AILIMI-FEB-2026-28022026-1.xlsx,31,THYRONORM (112MCG) TAB,,120TAB,16,,12,,7,1134,21,3063,
87,10000068,Stockist 10000068,2026-02,10000068_20260228_190503_ST-AILIMI-FEB-2026-28022026-1.xlsx,31,THYRONORM (12.5 MCG) TAB,,120TAB,25,,24,,21,3036,28,3643,
88,10000068,Stockist 10000068,2026-02,10000068_20260228_190503_ST-AILIMI-FEB-2026-28022026-1.xlsx,31,THYRONORM (125MCG) TAB,,120TAB,30,,60,,45,7114,45,6685,
89,10000068,Stockist 10000068,2026-02,10000068_20260228_190503_ST-AILIMI-FEB-2026-28022026-1.xlsx,31,THYRONORM (137MCG) TAB,,120TAB,10,,0,,1,212,9,1717,
90,10000068,Stockist 10000068,2026-02,10000068_20260228_190503_ST-AILIMI-FEB-2026-28022026-1.xlsx,31,THYRONORM (150MCG) TAB,,120TAB,19,,12,,17,2823,14,2092,
91,10000068,Stockist 10000068,2026-02,10000068_20260228_190503_ST-AILIMI-FEB-2026-28022026-1.xlsx,31,THYRONORM (200MCG) TAB,,120TAB,16,,0,,9,1571,7,1207,
92,10000068,Stockist 10000068,2026-02,10000068_20260228_190503_ST-AILIMI-FEB-2026-28022026-1.xlsx,31,THYRONORM (25MCG) TAB,,120TAB,141,,48,,106,14889,83,10552,
93,10000068,Stockist 10000068,2026-02,10000068_20260228_190503_ST-AILIMI-FEB-2026-28022026-1.xlsx,31,THYRONORM (37.5MCG) TAB,,120TAB,15,,24,,15,2147,24,3091,
94,10000068,Stockist 10000068,2026-02,10000068_20260228_190503_ST-AILIMI-FEB-2026-28022026-1.xlsx,31,THYRONORM (50MCG) TAB,,120TAB,106,,120,,158,15813,68,6156,
95,10000068,Stockist 10000068,2026-02,10000068_20260228_190503_ST-AILIMI-FEB-2026-28022026-1.xlsx,31,THYRONORM (62.5MCG) TAB,,120TAB,10,,12,,6,943,16,2264,
96,10000068,Stockist 10000068,2026-02,10000068_20260228_190503_ST-AILIMI-FEB-2026-28022026-1.xlsx,31,THYRONORM (75MCG) TAB,,120TAB,71,,72,,88,12335,55,6938,
97,10000068,Stockist 10000068,2026-02,10000068_20260228_190503_ST-AILIMI-FEB-2026-28022026-1.xlsx,31,THYRONORM (88MCG) TAB,,120TAB,21,,24,,16,2576,29,4201,
98,10000068,Stockist 10000068,2026-02,10000068_20260228_190503_ST-AILIMI-FEB-2026-28022026-1.xlsx,31,THYROWEL PLUS TAB,Thyrowel Plus tabs 15s,15TAB,23,,0,,10,2461,13,3311,
99,10000068,Stockist 10000068,2026-02,10000068_20260228_190503_ST-AILIMI-FEB-2026-28022026-1.xlsx,33,EPTOIN 100MG TAB,EPTOIN 100MG TAB 120S SALES,120TAB,27,,36,,32,5498,31,4794,
100,10000068,Stockist 10000068,2026-02,10000068_20260228_190503_ST-AILIMI-FEB-2026-28022026-1.xlsx,33,INDERAL 10MG,INDERAL 10 TAB 15s SALES Blister Pack,15,40,,120,,67,1069,93,1335,
101,10000068,Stockist 10000068,2026-02,10000068_20260228_190503_ST-AILIMI-FEB-2026-28022026-1.xlsx,33,INDERAL 20MG,INDERAL 20 TAB 15s NEW SALES,15,35,,40,,19,741,56,1966,
102,10000068,Stockist 10000068,2026-02,10000068_20260228_190503_ST-AILIMI-FEB-2026-28022026-1.xlsx,33,INDERAL 40MG,INDERAL 40 TAB 15s SALES Blister Pack,15,88,,80,,106,4164,62,2192,
103,10000068,Stockist 10000068,2026-02,10000068_20260228_190503_ST-AILIMI-FEB-2026-28022026-1.xlsx,33,INDERAL LA 20MG TAB,Inderal LA 20mg 15's,15TAB,117,,0,,58,2262,59,2071,
104,10000068,Stockist 10000068,2026-02,10000068_20260228_190503_ST-AILIMI-FEB-2026-28022026-1.xlsx,33,INDERAL LA 40MG,Inderal LA 40mg 15's,15,40,,0,,27,1061,13,460,
105,10000068,Stockist 10000068,2026-02,10000068_20260228_190503_ST-AILIMI-FEB-2026-28022026-1.xlsx,33,PROTHIADEN 25MG,PROTHIADEN 25 15S,15,35,,30,,20,3076,45,6228,
106,10000068,Stockist 10000068,2026-02,10000068_20260228_190503_ST-AILIMI-FEB-2026-28022026-1.xlsx,33,PROTHIADEN 50MG,PROTHIADEN 50 15S,15,16,,0,,3,909,18,4906,
107,10000068,Stockist 10000068,2026-02,10000068_20260228_190503_ST-AILIMI-FEB-2026-28022026-1.xlsx,33,PROTHIADEN 75MG,PROTHIADEN 75 15S,15,18,,0,,0,0,18,5193,
108,10000068,Stockist 10000068,2026-02,10000068_20260228_190503_ST-AILIMI-FEB-2026-28022026-1.xlsx,33,PROTHIADEN M,PROTHIADEN M 50 15S,15,0,,0,,0,0,0,0,
109,10000068,Stockist 10000068,2026-02,10000068_20260228_190503_ST-AILIMI-FEB-2026-28022026-1.xlsx,33,PROTHIADEN NEU CAP,,10CAP,0,,0,,0,0,0,0,
110,10000068,Stockist 10000068,2026-02,10000068_20260228_190503_ST-AILIMI-FEB-2026-28022026-1.xlsx,33,VERTIN 16MG TAB,VERTIN TABLETS 16MG 15S  NEW,15TAB,49,,160,,111,34331,98,27279,
111,10000068,Stockist 10000068,2026-02,10000068_20260228_190503_ST-AILIMI-FEB-2026-28022026-1.xlsx,33,VERTIN 24MG TAB,VERTIN TABLETS 24MG 15S  NEW,15TAB,23,,20,,17,6865,26,10394,
112,10000068,Stockist 10000068,2026-02,10000068_20260228_190503_ST-AILIMI-FEB-2026-28022026-1.xlsx,33,VERTIN 8MG TAB,VERTIN TABLETS 8MG  15S   NEW,15TAB,117,,150,,161,27030,106,16017,
113,10000068,Stockist 10000068,2026-02,10000068_20260228_190503_ST-AILIMI-FEB-2026-28022026-1.xlsx,33,VERTIN DT 16MG,,15,0,,10,,0,0,10,2531,
114,10000068,Stockist 10000068,2026-02,10000068_20260228_190503_ST-AILIMI-FEB-2026-28022026-1.xlsx,33,VERTIN DT 24MG,,15,10,,0,,0,0,10,3634,
115,10000068,Stockist 10000068,2026-02,10000068_20260228_190503_ST-AILIMI-FEB-2026-28022026-1.xlsx,33,VERTIN DT 8MG,,15,10,,0,,0,0,10,1374,
116,10000068,Stockist 10000068,2026-02,10000068_20260228_190503_ST-AILIMI-FEB-2026-28022026-1.xlsx,33,VERTIN OD 24,Vertin OD 24mg tabs -15s,15,19,,0,,17,8124,2,860,
117,10000068,Stockist 10000068,2026-02,10000068_20260228_190503_ST-AILIMI-FEB-2026-28022026-1.xlsx,33,VERTIN OD 48,Vertin OD 48mg tabs -15s,15,25,,0,,3,2198,22,14505,
118,10000068,Stockist 10000068,2026-02,10000068_20260228_190503_ST-AILIMI-FEB-2026-28022026-1.xlsx,33,ZOLFRESH ODT 10MG TAB,,15TAB,0,,0,,0,0,0,0,
119,10000068,Stockist 10000068,2026-02,10000068_20260228_190503_ST-AILIMI-FEB-2026-28022026-1.xlsx,35,CREMA-ANO CREAM,Crema-Ano 20gm,20GM,2,,10,,1,132,11,1310,
120,10000068,Stockist 10000068,2026-02,10000068_20260228_190503_ST-AILIMI-FEB-2026-28022026-1.xlsx,35,CREMAFFIN MF,,450ML,11,,16,,15,4384,12,3157,
121,10000068,Stockist 10000068,2026-02,10000068_20260228_190503_ST-AILIMI-FEB-2026-28022026-1.xlsx,35,CREMAFFIN MINT,,225ML,76,,240,,95,23060,221,48280,
122,10000068,Stockist 10000068,2026-02,10000068_20260228_190503_ST-AILIMI-FEB-2026-28022026-1.xlsx,35,CREMAFFIN MIX-FRUIT,,225ML,39,,120,,57,12975,102,22283,
123,10000068,Stockist 10000068,2026-02,10000068_20260228_190503_ST-AILIMI-FEB-2026-28022026-1.xlsx,35,CREMAFFIN PLUS,CREMAFFIN PLUS 200 ML,225ML,208,,180,,209,53790,179,41462,
124,10000068,Stockist 10000068,2026-02,10000068_20260228_190503_ST-AILIMI-FEB-2026-28022026-1.xlsx,35,CREMAGEL 2%,,30GM,20,,30,,21,3832,29,5730,
125,10000068,Stockist 10000068,2026-02,10000068_20260228_190503_ST-AILIMI-FEB-2026-28022026-1.xlsx,35,CREMAGEL L,Cremagel L 30gm Sale,30GM,18,,0,,7,1664,11,2353,
126,10000068,Stockist 10000068,2026-02,10000068_20260228_190503_ST-AILIMI-FEB-2026-28022026-1.xlsx,35,CREMALAX 10MG TAB,Cremalax Tabs 15s,6TAB,1015,,0,,111,6967,904,51908,
127,10000068,Stockist 10000068,2026-02,10000068_20260228_190503_ST-AILIMI-FEB-2026-28022026-1.xlsx,35,DIGERAFT PLUS SUSP.,Digeraft Plus susp 200 ml,200ML,27,,30,,30,6741,27,5460,
128,10000068,Stockist 10000068,2026-02,10000068_20260228_190503_ST-AILIMI-FEB-2026-28022026-1.xlsx,35,DIGERAFT SUSP.,DIGERAFT Susp. 150 ml,200ML,21,,70,,36,8282,55,11388,
129,10000068,Stockist 10000068,2026-02,10000068_20260228_190503_ST-AILIMI-FEB-2026-28022026-1.xlsx,35,LIBRAX TAB,Librax Film Coated Tablets 20S,20TAB,96,,200,,143,22754,152,21768,
130,10000068,Stockist 10000068,2026-02,10000068_20260228_190503_ST-AILIMI-FEB-2026-28022026-1.xlsx,35,PANKREOFLAT TAB,PANKREOFLAT TABLETS 15S,15TAB,50,,40,,33,7726,57,12010,
131,10000068,Stockist 10000068,2026-02,10000068_20260228_190503_ST-AILIMI-FEB-2026-28022026-1.xlsx,34,DUPHASTON 10MG TAB,DUPHASTON TABLETS 10MG 10'S (F.C.),10TAB,5,,30,,10,6871,23,14223,
132,10000068,Stockist 10000068,2026-02,10000068_20260228_190503_ST-AILIMI-FEB-2026-28022026-1.xlsx,34,ESTRABET GEL,Estrabet Gel 80 gm,80GM,15,,150,,86,71289,79,65317,
133,10000068,Stockist 10000068,2026-02,10000068_20260228_190503_ST-AILIMI-FEB-2026-28022026-1.xlsx,34,ESTRABET 1MG TAB,,28TAB,14,,30,,14,3312,30,6932,
134,10000068,Stockist 10000068,2026-02,10000068_20260228_190503_ST-AILIMI-FEB-2026-28022026-1.xlsx,34,ESTRABET 2MG TAB,Estrabet 2mg tablet 28s USP,28TAB,23,,80,,81,38195,32,15007,
135,10000068,Stockist 10000068,2026-02,10000068_20260228_190503_ST-AILIMI-FEB-2026-28022026-1.xlsx,34,FEMOSTON 1/10,,28,10,,0,,4,4049,6,5466,
136,10000068,Stockist 10000068,2026-02,10000068_20260228_190503_ST-AILIMI-FEB-2026-28022026-1.xlsx,34,SOLFE EXTRA TAB,Solfe Extra tablets 15s,15,6,,0,,0,0,6,1167,
137,10000068,Stockist 10000068,2026-02,10000068_20260228_190503_ST-AILIMI-FEB-2026-28022026-1.xlsx,34,SOLFE FCM 50MG INJ,Solfe FCM inj 10 ml,10ML,12,,0,,0,0,12,12720,
138,10000068,Stockist 10000068,2026-02,10000068_20260228_190503_ST-AILIMI-FEB-2026-28022026-1.xlsx,33,ACUVERT 5MG TAB,,15,0,,0,,0,0,0,0,
139,10000068,Stockist 10000068,2026-02,10000068_20260228_190503_ST-AILIMI-FEB-2026-28022026-1.xlsx,42,DIGENE INSTA MINT,DigeneInsta OntheGo orange 5x10ml sale,5X10ML,55,,0,,0,0,55,1,
140,10000068,Stockist 10000068,2026-02,10000068_20260228_190503_ST-AILIMI-FEB-2026-28022026-1.xlsx,31,HYTRIN 1MG,HYTRIN 1 MG 10'S,10,6,,0,,6,1257,0,0,
141,10000068,Stockist 10000068,2026-02,10000068_20260228_190503_ST-AILIMI-FEB-2026-28022026-1.xlsx,31,HYTRIN 2MG,HYTRIN 1 MG 10'S,10,37,,0,,20,5931,17,4751,
142,10000068,Stockist 10000068,2026-02,10000068_20260228_190503_ST-RAHPLTD-FEB-2026-28022026-1.xlsx,80,EBILITY ASP TAB,Ebility ASP Tab 10s,10TAB,0,,0,,0,0,0,0,
143,10000068,Stockist 10000068,2026-02,10000068_20260228_190503_ST-RAHPLTD-FEB-2026-28022026-1.xlsx,85,PHEXIN 250MG CAP,,10CAP,50,,0,,11,1018,39,3249,
144,10000068,Stockist 10000068,2026-02,10000068_20260228_190503_ST-RAHPLTD-FEB-2026-28022026-1.xlsx,65,CYTOGARD OD 80MG CAP,Cytogard OD 80 mg Cap 10s,10CAP,11,,0,,6,1473,5,1105,
145,10000068,Stockist 10000068,2026-02,10000068_20260228_190503_ST-RAHPLTD-FEB-2026-28022026-1.xlsx,70,EXERGE,,15TAB,7,,0,,2,564,5,1269,
146,10000068,Stockist 10000068,2026-02,10000068_20260228_190503_ST-RAHPLTD-FEB-2026-28022026-1.xlsx,65,IVABID 5MG TAB,IVABID 5 MG TABS 14T,14TAB,7,,0,,1,329,7,2072,
147,10000068,Stockist 10000068,2026-02,10000068_20260228_190503_ST-RAHPLTD-FEB-2026-28022026-1.xlsx,65,IVABID 7.5 TAB,IVABID 7.5 MG TABS 14T,14,0,,0,,0,0,0,0,
148,10000068,Stockist 10000068,2026-02,10000068_20260228_190503_ST-RAHPLTD-FEB-2026-28022026-1.xlsx,65,IVABID OD 10MG TAB,Ivabid OD 10mg Sale 10Tabs,10TAB,10,,0,,0,0,10,3294,
149,10000068,Stockist 10000068,2026-02,10000068_20260228_190503_ST-RAHPLTD-FEB-2026-28022026-1.xlsx,65,IVABID OD 15MG TAB,,10,0,,0,,0,0,0,0,
150,10000068,Stockist 10000068,2026-02,10000068_20260228_190503_ST-RAHPLTD-FEB-2026-28022026-1.xlsx,65,STATOR 10MG TAB (DPCO),,15TAB,39,,50,,39,2366,50,2730,
151,10000068,Stockist 10000068,2026-02,10000068_20260228_190503_ST-RAHPLTD-FEB-2026-28022026-1.xlsx,65,STATOR 20MG TAB (DPCO),,15TAB,27,,40,,22,3373,45,6209,
152,10000068,Stockist 10000068,2026-02,10000068_20260228_190503_ST-RAHPLTD-FEB-2026-28022026-1.xlsx,65,STATOR 40MG TAB (DPCO),,15TAB,7,,0,,2,471,5,1060,
153,10000068,Stockist 10000068,2026-02,10000068_20260228_190503_ST-RAHPLTD-FEB-2026-28022026-1.xlsx,65,STATOR ASP 75,Stator Asp 75 – 15’s,15CAP,5,,0,,0,0,5,284,
154,10000068,Stockist 10000068,2026-02,10000068_20260228_190503_ST-RAHPLTD-FEB-2026-28022026-1.xlsx,65,STATOR F TAB,Stator F Tab 15s,15,13,,20,,12,3099,21,4880,
155,10000068,Stockist 10000068,2026-02,10000068_20260228_190503_ST-RAHPLTD-FEB-2026-28022026-1.xlsx,65,STATOR GOLD 20MG CAP,Stator gold 10 15s Cap,15CAP,0,,0,,0,0,0,0,
156,10000068,Stockist 10000068,2026-02,10000068_20260228_190503_ST-RAHPLTD-FEB-2026-28022026-1.xlsx,65,TELPRES 40CT/12.5MG,,15TAB,21,,10,,14,1695,17,1852,
157,10000068,Stockist 10000068,2026-02,10000068_20260228_190503_ST-RAHPLTD-FEB-2026-28022026-1.xlsx,65,TELPRES 40CT/6.25MG,,15TAB,14,,20,,14,1268,20,1630,
158,10000068,Stockist 10000068,2026-02,10000068_20260228_190503_ST-RAHPLTD-FEB-2026-28022026-1.xlsx,84,CYTOGARD 20MG TAB,CYTOGARD 20MG TABS 10S,10TAB,9,,0,,2,228,7,790,
159,10000068,Stockist 10000068,2026-02,10000068_20260228_190503_ST-RAHPLTD-FEB-2026-28022026-1.xlsx,84,CYTOGARD MR 35MG TAB,Cytogard MR 35mg Tab,10,4,,10,,1,136,13,1588,
160,10000068,Stockist 10000068,2026-02,10000068_20260228_190503_ST-RAHPLTD-FEB-2026-28022026-1.xlsx,84,CYTOGARD OD 60MG CAP,Cytogard OD 80 mg Cap 10s,15,23,,10,,10,4047,23,9214,
161,10000068,Stockist 10000068,2026-02,10000068_20260228_190503_ST-RAHPLTD-FEB-2026-28022026-1.xlsx,84,FORTIUS 10MG TAB,Fortius 10mg 10s Tab,10TAB,50,,60,,55,1552,55,1412,
162,10000068,Stockist 10000068,2026-02,10000068_20260228_190503_ST-RAHPLTD-FEB-2026-28022026-1.xlsx,84,FORTIUS 20MG TAB,Fortius 20mg 10s Tab,10,10,,0,,10,1562,0,0,
163,10000068,Stockist 10000068,2026-02,10000068_20260228_190503_ST-RAHPLTD-FEB-2026-28022026-1.xlsx,84,FORTIUS 40MG TAB,Fortius 40mg 10s Tab,10,11,,0,,0,0,11,2593,
164,10000068,Stockist 10000068,2026-02,10000068_20260228_190503_ST-RAHPLTD-FEB-2026-28022026-1.xlsx,84,FORTIUS 5MG,Fortius 5mg 10s Tab,10TAB,30,,80,,62,1170,48,863,
165,10000068,Stockist 10000068,2026-02,10000068_20260228_190503_ST-RAHPLTD-FEB-2026-28022026-1.xlsx,84,FORTIUS F 10MG,,10,14,,0,,8,1565,6,1056,
166,10000068,Stockist 10000068,2026-02,10000068_20260228_190503_ST-RAHPLTD-FEB-2026-28022026-1.xlsx,84,FORTIUS F 20MG,Fortius F 20mg Tab,10,0,,0,,0,0,0,0,
167,10000068,Stockist 10000068,2026-02,10000068_20260228_190503_ST-RAHPLTD-FEB-2026-28022026-1.xlsx,84,FORTIUS GOLD 10MG,,NA,35,,0,,0,0,35,3924,
168,10000068,Stockist 10000068,2026-02,10000068_20260228_190503_ST-RAHPLTD-FEB-2026-28022026-1.xlsx,84,GTN SORBITRATE CR 2.6 TAB,GTN SORBITRATE CR 2.6 tabs 30s,30TAB,19,,50,,32,7531,37,7961,
169,10000068,Stockist 10000068,2026-02,10000068_20260228_190503_ST-RAHPLTD-FEB-2026-28022026-1.xlsx,84,GTN SORBITRATE CR 6.4 TAB,GTN SORBITRATE CR 6.4 tabs 30s,30TAB,12,,0,,1,321,11,3173,
170,10000068,Stockist 10000068,2026-02,10000068_20260228_190503_ST-RAHPLTD-FEB-2026-28022026-1.xlsx,84,SORBITRATE 10MG,,50TAB,53,,0,,43,1312,10,295,
171,10000068,Stockist 10000068,2026-02,10000068_20260228_190503_ST-RAHPLTD-FEB-2026-28022026-1.xlsx,84,SORBITRATE 5MG (DPCO),,50TAB,120,,30,,77,2556,73,2181,
172,10000068,Stockist 10000068,2026-02,10000068_20260228_190503_ST-RAHPLTD-FEB-2026-28022026-1.xlsx,84,TELPRES LN 40MG TAB,Telpres 20 mg  Tab 15s,10TAB,6,,0,,3,228,3,205,
173,10000068,Stockist 10000068,2026-02,10000068_20260228_190503_ST-RAHPLTD-FEB-2026-28022026-1.xlsx,84,TELPRES MT 25MG,,15TAB,13,,0,,1,326,12,3522,
174,10000068,Stockist 10000068,2026-02,10000068_20260228_190503_ST-RAHPLTD-FEB-2026-28022026-1.xlsx,84,TELPRES MT 50MG,Telpres MT 50 Tabs 15T,15TAB,4,,10,,1,362,13,4234,
175,10000068,Stockist 10000068,2026-02,10000068_20260228_190503_ST-RAHPLTD-FEB-2026-28022026-1.xlsx,84,TG GOAL 145 TAB,TG Goal 145 tabs 10s,10TAB,11,,0,,0,0,11,2167,
176,10000068,Stockist 10000068,2026-02,10000068_20260228_190503_ST-RAHPLTD-FEB-2026-28022026-1.xlsx,77,AMISANT 100MG TAB,,10TAB,10,,0,,0,0,10,1364,
177,10000068,Stockist 10000068,2026-02,10000068_20260228_190503_ST-RAHPLTD-FEB-2026-28022026-1.xlsx,77,AMISANT 50MG TAB,,10TAB,10,,0,,0,0,10,664,
178,10000068,Stockist 10000068,2026-02,10000068_20260228_190503_ST-RAHPLTD-FEB-2026-28022026-1.xlsx,77,BRIVAJOY 25MG TAB,Brivajoy 25 Tab 14s,14,18,,0,,0,0,18,1782,
179,10000068,Stockist 10000068,2026-02,10000068_20260228_190503_ST-RAHPLTD-FEB-2026-28022026-1.xlsx,77,BRIVAJOY 50MG TAB,Brivajoy 25 Tab 14s,14TAB,22,,0,,4,955,18,4504,
180,10000068,Stockist 10000068,2026-02,10000068_20260228_190503_ST-RAHPLTD-FEB-2026-28022026-1.xlsx,77,EPILEX 200MG TAB,EPILEX TABS 10'S,15,29,,0,,0,0,29,1143,
181,10000068,Stockist 10000068,2026-02,10000068_20260228_190503_ST-RAHPLTD-FEB-2026-28022026-1.xlsx,77,EPILEX CHRONO 200MG,,15TAB,37,,0,,2,220,35,3467,
182,10000068,Stockist 10000068,2026-02,10000068_20260228_190503_ST-RAHPLTD-FEB-2026-28022026-1.xlsx,77,EPILEX CHRONO 300,EPILEX CHRONO 300 TABS 15s,15,29,,0,,3,223,26,1743,
183,10000068,Stockist 10000068,2026-02,10000068_20260228_190503_ST-RAHPLTD-FEB-2026-28022026-1.xlsx,77,EPILEX CHRONO 500MG,,15,30,,0,,10,1133,20,2039,
184,10000068,Stockist 10000068,2026-02,10000068_20260228_190503_ST-RAHPLTD-FEB-2026-28022026-1.xlsx,77,EPILEX ORAL SOLU,EPILEX ORAL SOLUTION 100 ML,200ML,9,,0,,2,211,7,2947,
185,10000068,Stockist 10000068,2026-02,10000068_20260228_190503_ST-RAHPLTD-FEB-2026-28022026-1.xlsx,70,I TYZA 100MG,,10,10,,27,,18,2442,19,2320,
186,10000068,Stockist 10000068,2026-02,10000068_20260228_190503_ST-RAHPLTD-FEB-2026-28022026-1.xlsx,77,LEVESAM 250MG (DPCO),,15TAB,10,,0,,0,0,10,692,
187,10000068,Stockist 10000068,2026-02,10000068_20260228_190503_ST-RAHPLTD-FEB-2026-28022026-1.xlsx,77,LEVESAM 500MG TAB (DPCO),,15TAB,32,,0,,0,0,32,4564,
188,10000068,Stockist 10000068,2026-02,10000068_20260228_190503_ST-RAHPLTD-FEB-2026-28022026-1.xlsx,77,LEVESAM 750MG TAB (DPCO),,15,10,,10,,5,1063,15,3188,
189,10000068,Stockist 10000068,2026-02,10000068_20260228_190503_ST-RAHPLTD-FEB-2026-28022026-1.xlsx,77,LIBRIUM 10MG TAB,LIBRIUM 10MG TABS 15S,15,101,,35,,67,8220,68,7509,
190,10000068,Stockist 10000068,2026-02,10000068_20260228_190503_ST-RAHPLTD-FEB-2026-28022026-1.xlsx,77,LIBRIUM 25MG TAB,LIBRIUM 25MG TABS 15S,15TAB,29,,30,,16,2989,43,7230,
191,10000068,Stockist 10000068,2026-02,10000068_20260228_190503_ST-RAHPLTD-FEB-2026-28022026-1.xlsx,77,MADOPAR TAB,,10TAB,25,,0,,7,2032,18,4702,
192,10000068,Stockist 10000068,2026-02,10000068_20260228_190503_ST-RAHPLTD-FEB-2026-28022026-1.xlsx,77,MAZETOL 100MG TAB (DPCO),,10TAB,53,,0,,9,78,44,343,
193,10000068,Stockist 10000068,2026-02,10000068_20260228_190503_ST-RAHPLTD-FEB-2026-28022026-1.xlsx,77,MAZETOL 200MG TAB (DPCO),,10TAB,206,,400,,330,4176,276,3171,
194,10000068,Stockist 10000068,2026-02,10000068_20260228_190503_ST-RAHPLTD-FEB-2026-28022026-1.xlsx,77,MAZETOL 400MG TAB (DPCO),,10TAB,20,,0,,0,0,20,520,
195,10000068,Stockist 10000068,2026-02,10000068_20260228_190503_ST-RAHPLTD-FEB-2026-28022026-1.xlsx,77,MAZETOL SR 200MG TAB (DPCO),,15TAB,37,,0,,5,146,32,843,
196,10000068,Stockist 10000068,2026-02,10000068_20260228_190503_ST-RAHPLTD-FEB-2026-28022026-1.xlsx,77,MAZETOL SR 300MG,,15,6,,0,,0,0,6,297,
197,10000068,Stockist 10000068,2026-02,10000068_20260228_190503_ST-RAHPLTD-FEB-2026-28022026-1.xlsx,77,MAZETOL SR 400MG TAB (DPCO),,15,25,,0,,4,228,21,1075,
198,10000068,Stockist 10000068,2026-02,10000068_20260228_190503_ST-RAHPLTD-FEB-2026-28022026-1.xlsx,77,MDD XR 100,MDD - XR 100 15s Tabs,15,24,,20,,15,7379,29,12839,
199,10000068,Stockist 10000068,2026-02,10000068_20260228_190503_ST-RAHPLTD-FEB-2026-28022026-1.xlsx,77,MDD XR 50,MDD - XR 50 15s Tabs,15,20,,20,,9,2403,31,7450,
200,10000068,Stockist 10000068,2026-02,10000068_20260228_190503_ST-RAHPLTD-FEB-2026-28022026-1.xlsx,77,MYSOLINE 250MG TAB,MYSOLINE TABS 250MG 10S,10TAB,63,,0,,36,4125,27,2784,
201,10000068,Stockist 10000068,2026-02,10000068_20260228_190503_ST-RAHPLTD-FEB-2026-28022026-1.xlsx,77,OX MAZETOL 300MG TAB,MAZETOL 200MG TAB 10s,10TAB,20,,0,,0,0,20,2710,
202,10000068,Stockist 10000068,2026-02,10000068_20260228_190503_ST-RAHPLTD-FEB-2026-28022026-1.xlsx,77,RIVMD SMART 0.25MG TAB,,30TAB,20,,10,,20,982,10,442,
203,10000068,Stockist 10000068,2026-02,10000068_20260228_190503_ST-RAHPLTD-FEB-2026-28022026-1.xlsx,77,RIVMD SMART 0.5MG TAB,,30TAB,118,,0,,63,5307,55,4170,
204,10000068,Stockist 10000068,2026-02,10000068_20260228_190503_ST-RAHPLTD-FEB-2026-28022026-1.xlsx,94,SURBEX STAR CAP,SURBEX STAR 10'S,10CAP,15,,0,,6,1296,9,1750,
205,10000068,Stockist 10000068,2026-02,10000068_20260228_190503_ST-RAHPLTD-FEB-2026-28022026-1.xlsx,77,SZETALO 10MG (DPCO),,15,7,,10,,4,440,13,1286,
206,10000068,Stockist 10000068,2026-02,10000068_20260228_190503_ST-RAHPLTD-FEB-2026-28022026-1.xlsx,77,SZETALO 20MG (DPCO),,15,10,,0,,0,0,10,1578,
207,10000068,Stockist 10000068,2026-02,10000068_20260228_190503_ST-RAHPLTD-FEB-2026-28022026-1.xlsx,77,SZETALO 5MG (DPCO),,15,9,,0,,0,0,9,496,
208,10000068,Stockist 10000068,2026-02,10000068_20260228_190503_ST-RAHPLTD-FEB-2026-28022026-1.xlsx,77,SZETALO LS TAB,SZETALO  LS TABS 15s,15,18,,0,,3,675,15,3038,
209,10000068,Stockist 10000068,2026-02,10000068_20260228_190503_ST-RAHPLTD-FEB-2026-28022026-1.xlsx,77,SZETALO PLUS MD TAB,Szetalo Plus MD Tablet Sales,10TAB,1,,0,,0,0,1,136,
210,10000068,Stockist 10000068,2026-02,10000068_20260228_190503_ST-RAHPLTD-FEB-2026-28022026-1.xlsx,77,SZETALO PLUS TAB,SZETALO PLUS TABS 15s,15,17,,20,,16,4624,21,5462,
211,10000068,Stockist 10000068,2026-02,10000068_20260228_190503_ST-RAHPLTD-FEB-2026-28022026-1.xlsx,77,UVOX 100MG,,10TAB,26,,0,,0,0,26,9169,
212,10000068,Stockist 10000068,2026-02,10000068_20260228_190503_ST-RAHPLTD-FEB-2026-28022026-1.xlsx,77,UVOX 50MG,,10TAB,31,,0,,10,2248,21,4249,
213,10000068,Stockist 10000068,2026-02,10000068_20260228_190503_ST-RAHPLTD-FEB-2026-28022026-1.xlsx,77,UVOX CR 100,Uvox CR 100 Tablet Sales 10,10TAB,20,,0,,8,2850,12,3847,
214,10000068,Stockist 10000068,2026-02,10000068_20260228_190503_ST-RAHPLTD-FEB-2026-28022026-1.xlsx,77,UVOX CR 150,,10TAB,46,,50,,52,22873,44,17418,
215,10000068,Stockist 10000068,2026-02,10000068_20260228_190503_ST-RAHPLTD-FEB-2026-28022026-1.xlsx,77,VALANCE OD 1000MG TAB,Valance OD eazy glide 1000 mg 15s,15,16,,10,,7,2040,19,5404,
216,10000068,Stockist 10000068,2026-02,10000068_20260228_190503_ST-RAHPLTD-FEB-2026-28022026-1.xlsx,77,VALANCE OD 250MG,Valance OD eazy glide 250 mg 15s,15TAB,46,,0,,23,3719,23,3347,
217,10000068,Stockist 10000068,2026-02,10000068_20260228_190503_ST-RAHPLTD-FEB-2026-28022026-1.xlsx,77,VALANCE OD 500MG,Valance OD eazy glide 500 mg 15s,15TAB,18,,10,,10,2913,18,4719,
218,10000068,Stockist 10000068,2026-02,10000068_20260228_190503_ST-RAHPLTD-FEB-2026-28022026-1.xlsx,77,VALANCE OD 750MG,Valance OD eazy glide 750 mg 15s,15TAB,29,,0,,11,3797,18,5592,
219,10000068,Stockist 10000068,2026-02,10000068_20260228_190503_ST-RAHPLTD-FEB-2026-28022026-1.xlsx,77,VALANCE SOLUTION 250MG,Valance solution 100ml,100 ML,7,,10,,8,1702,9,1944,
220,10000068,Stockist 10000068,2026-02,10000068_20260228_190503_ST-RAHPLTD-FEB-2026-28022026-1.xlsx,77,VALANCE SOLUTION 500MG,Valance solution 100ml,200ML,6,,0,,4,2781,2,1251,
221,10000068,Stockist 10000068,2026-02,10000068_20260228_190503_ST-RAHPLTD-FEB-2026-28022026-1.xlsx,53,ABTIKA 60MG TAB,,10TAB,0,,0,,0,0,0,0,
222,10000068,Stockist 10000068,2026-02,10000068_20260228_190503_ST-RAHPLTD-FEB-2026-28022026-1.xlsx,53,ABTIKA 90MG TAB,,10TAB,0,,0,,0,0,0,0,
223,10000068,Stockist 10000068,2026-02,10000068_20260228_190503_ST-RAHPLTD-FEB-2026-28022026-1.xlsx,69,ACITROM 1.5MG,,30,0,,0,,0,0,0,0,
224,10000068,Stockist 10000068,2026-02,10000068_20260228_190503_ST-RAHPLTD-FEB-2026-28022026-1.xlsx,69,ACITROM 1MG TAB,Acitrom 1mg tablets 30s,30TAB,22,,0,,4,1007,18,4077,
225,10000068,Stockist 10000068,2026-02,10000068_20260228_190503_ST-RAHPLTD-FEB-2026-28022026-1.xlsx,69,ACITROM 2.5MG TAB,,30TAB,0,,0,,0,0,0,0,
226,10000068,Stockist 10000068,2026-02,10000068_20260228_190503_ST-RAHPLTD-FEB-2026-28022026-1.xlsx,69,ACITROM 2MG TAB,Acitrom 2mg tablets 30s,30TAB,19,,0,,9,3548,10,3903,
227,10000068,Stockist 10000068,2026-02,10000068_20260228_190503_ST-RAHPLTD-FEB-2026-28022026-1.xlsx,69,ACITROM 3.5MG,,30,0,,0,,0,0,0,0,
228,10000068,Stockist 10000068,2026-02,10000068_20260228_190503_ST-RAHPLTD-FEB-2026-28022026-1.xlsx,69,ACITROM 3MG TAB,Acitrom 3mg tablets 30s,30TAB,9,,0,,1,504,8,3627,
229,10000068,Stockist 10000068,2026-02,10000068_20260228_190503_ST-RAHPLTD-FEB-2026-28022026-1.xlsx,69,ACITROM 4MG TAB,Acitrom 4mg tablets 30s,30TAB,19,,20,,19,10210,20,9673,
230,10000068,Stockist 10000068,2026-02,10000068_20260228_190503_ST-RAHPLTD-FEB-2026-28022026-1.xlsx,69,BISOSAFE 5MG,,10,0,,0,,0,0,0,0,
231,10000068,Stockist 10000068,2026-02,10000068_20260228_190503_ST-RAHPLTD-FEB-2026-28022026-1.xlsx,69,BISOSAFE AM 2.5MG TAB,,10TAB,3,,10,,2,100,11,493,
232,10000068,Stockist 10000068,2026-02,10000068_20260228_190503_ST-RAHPLTD-FEB-2026-28022026-1.xlsx,69,BISOSAFE AM 5MG TAB,,10TAB,29,,0,,0,0,29,1739,
233,10000068,Stockist 10000068,2026-02,10000068_20260228_190503_ST-RAHPLTD-FEB-2026-28022026-1.xlsx,69,BISOSAFE T 2.5MG+40MG TAB,,10TAB,0,,0,,0,0,0,0,
234,10000068,Stockist 10000068,2026-02,10000068_20260228_190503_ST-RAHPLTD-FEB-2026-28022026-1.xlsx,69,BISOSAFE T 5MG+40MG TAB,,10TAB,0,,0,,0,0,0,0,
235,10000068,Stockist 10000068,2026-02,10000068_20260228_190503_ST-RAHPLTD-FEB-2026-28022026-1.xlsx,69,DABLEXA 110MG CAP,,10CAP,10,,0,,0,0,10,2330,
236,10000068,Stockist 10000068,2026-02,10000068_20260228_190503_ST-RAHPLTD-FEB-2026-28022026-1.xlsx,69,DABLEXA 150MG CAP,,10CAP,12,,0,,0,0,12,3128,
237,10000068,Stockist 10000068,2026-02,10000068_20260228_190503_ST-RAHPLTD-FEB-2026-28022026-1.xlsx,69,HFTRIL 50MG,,14,9,,0,,4,1355,5,1525,
238,10000068,Stockist 10000068,2026-02,10000068_20260228_190503_ST-RAHPLTD-FEB-2026-28022026-1.xlsx,53,NICODUCE 10MG TAB,NICODUCE - 10,20,10,,0,,0,0,10,4699,
239,10000068,Stockist 10000068,2026-02,10000068_20260228_190503_ST-RAHPLTD-FEB-2026-28022026-1.xlsx,53,NICODUCE 5 TAB,NICODUCE - 5,20TAB,20,,0,,5,1912,15,5161,
240,10000068,Stockist 10000068,2026-02,10000068_20260228_190503_ST-RAHPLTD-FEB-2026-28022026-1.xlsx,53,RIVAXA 10MG TAB,Rivaxa 10 mg 15s Tab,15,9,,10,,4,1027,15,3811,
241,10000068,Stockist 10000068,2026-02,10000068_20260228_190503_ST-RAHPLTD-FEB-2026-28022026-1.xlsx,53,RIVAXA 15MG TAB,Rivaxa 15 mg 15s Tab,15,6,,10,,4,1369,12,4065,
242,10000068,Stockist 10000068,2026-02,10000068_20260228_190503_ST-RAHPLTD-FEB-2026-28022026-1.xlsx,53,RIVAXA 2.5MG TAB,Rivaxa 2.5 mg 15s Tab,15,8,,10,,7,1098,11,1708,
243,10000068,Stockist 10000068,2026-02,10000068_20260228_190503_ST-RAHPLTD-FEB-2026-28022026-1.xlsx,53,RIVAXA 20MG,,15,15,,0,,4,1694,11,4192,
244,10000068,Stockist 10000068,2026-02,10000068_20260228_190503_ST-RAHPLTD-FEB-2026-28022026-1.xlsx,53,XAPILIS 2.5MG,,10,14,,0,,6,778,8,933,
245,10000068,Stockist 10000068,2026-02,10000068_20260228_190503_ST-RAHPLTD-FEB-2026-28022026-1.xlsx,53,XAPILIS 5MG TAB,Xapilis 5 mg 10s Tab,10,37,,0,,12,1971,25,3695,
246,10000068,Stockist 10000068,2026-02,10000068_20260228_190503_ST-RAHPLTD-FEB-2026-28022026-1.xlsx,99,EMOLENE CREAM,Emolene Cream 100 gm,100GM,109,,120,,109,30485,120,32168,
247,10000068,Stockist 10000068,2026-02,10000068_20260228_190503_ST-RAHPLTD-FEB-2026-28022026-1.xlsx,99,FACECLIN AT,,20GM,8,,0,,2,605,6,1633,
248,10000068,Stockist 10000068,2026-02,10000068_20260228_190503_ST-RAHPLTD-FEB-2026-28022026-1.xlsx,99,FACECLIN CREAM,FACECLIN TUBE 20GM,20GM,17,,20,,17,2860,20,3028,
249,10000068,Stockist 10000068,2026-02,10000068_20260228_190503_ST-RAHPLTD-FEB-2026-28022026-1.xlsx,99,FACECLIN FACE WASH,Faceclin Face Wash 100gm,100GM,13,,12,,9,4058,16,6492,
250,10000068,Stockist 10000068,2026-02,10000068_20260228_190503_ST-RAHPLTD-FEB-2026-28022026-1.xlsx,99,FOLLISERUM,Folliserum 60 ml,60ML,5,,0,,0,0,5,4677,
251,10000068,Stockist 10000068,2026-02,10000068_20260228_190503_ST-RAHPLTD-FEB-2026-28022026-1.xlsx,99,KETOMASTER SHAMPOO,,100ML,12,,0,,6,1997,6,1797,
252,10000068,Stockist 10000068,2026-02,10000068_20260228_190503_ST-RAHPLTD-FEB-2026-28022026-1.xlsx,99,MELAGLOW NEW,MELAGLOW NEW 15g,30GM,10,,0,,1,617,9,4997,
253,10000068,Stockist 10000068,2026-02,10000068_20260228_190503_ST-RAHPLTD-FEB-2026-28022026-1.xlsx,99,MELAGLOW NEW CREAM,,15GM,9,,12,,6,1977,15,4448,
254,10000068,Stockist 10000068,2026-02,10000068_20260228_190503_ST-RAHPLTD-FEB-2026-28022026-1.xlsx,99,MELAGLOW PP CREAM,Melaglow PP cream 40 g,40GM,13,,0,,2,1722,11,8524,
255,10000068,Stockist 10000068,2026-02,10000068_20260228_190503_ST-RAHPLTD-FEB-2026-28022026-1.xlsx,99,MELAGLOW PP FASHWASH,Melaglow PP facewash 100 ml,100ML,7,,0,,0,0,7,3054,
256,10000068,Stockist 10000068,2026-02,10000068_20260228_190503_ST-RAHPLTD-FEB-2026-28022026-1.xlsx,99,MELAGLOW PRIME,Melaglow prime 20 gm Cream  Sale,20GM,6,,0,,1,366,5,1647,
257,10000068,Stockist 10000068,2026-02,10000068_20260228_190503_ST-RAHPLTD-FEB-2026-28022026-1.xlsx,99,MELAGLOW PRIME LOTION,Melaglow Prime Lotion 50 gm,50GM,11,,0,,1,474,10,4265,
258,10000068,Stockist 10000068,2026-02,10000068_20260228_190503_ST-RAHPLTD-FEB-2026-28022026-1.xlsx,99,MELAGLOW RICH,MELAGLOW RICH 20GM,20GM,15,,0,,6,2351,11,3879,
259,10000068,Stockist 10000068,2026-02,10000068_20260228_190503_ST-RAHPLTD-FEB-2026-28022026-1.xlsx,99,MELALITE 15 CREAM,MELALITE CREAM 15 - 30 GM,50GM,99,,0,,1,182,98,16043,
260,10000068,Stockist 10000068,2026-02,10000068_20260228_190503_ST-RAHPLTD-FEB-2026-28022026-1.xlsx,99,MELALITE FORTE CREAM,Melalite Forte 30 gm,30GM,122,,100,,81,10702,141,17322,
261,10000068,Stockist 10000068,2026-02,10000068_20260228_190503_ST-RAHPLTD-FEB-2026-28022026-1.xlsx,99,MELALITE XL,MELALITE XL 15gm,15GM,31,,0,,5,1350,26,6320,
262,10000068,Stockist 10000068,2026-02,10000068_20260228_190503_ST-RAHPLTD-FEB-2026-28022026-1.xlsx,99,MINICHEK,,60ML,5,,3,,3,2270,5,3405,
263,10000068,Stockist 10000068,2026-02,10000068_20260228_190503_ST-RAHPLTD-FEB-2026-28022026-1.xlsx,99,MINICHEK ANTI HAIR SHAMPOO,,100ML,0,,0,,0,0,0,0,
264,10000068,Stockist 10000068,2026-02,10000068_20260228_190503_ST-RAHPLTD-FEB-2026-28022026-1.xlsx,99,MINICHEK F,,60ML,12,,0,,5,4497,7,5666,
265,10000068,Stockist 10000068,2026-02,10000068_20260228_190503_ST-RAHPLTD-FEB-2026-28022026-1.xlsx,99,MINICHEK F ULTRA,Minichek F Ultra 60 ml Sol,60ML,0,,0,,0,0,0,0,
266,10000068,Stockist 10000068,2026-02,10000068_20260228_190503_ST-RAHPLTD-FEB-2026-28022026-1.xlsx,99,MINICHEK ULTRA,,60ML,9,,0,,2,1656,7,5217,
267,10000068,Stockist 10000068,2026-02,10000068_20260228_190503_ST-RAHPLTD-FEB-2026-28022026-1.xlsx,70,TACITINIX 5MG TAB,,10TAB,0,,0,,0,0,0,0,
268,10000068,Stockist 10000068,2026-02,10000068_20260228_190503_ST-RAHPLTD-FEB-2026-28022026-1.xlsx,70,TACITINIX ER TAB,Tacitinix 5mg 10s Tab Sale,10TAB,0,,0,,0,0,0,0,
269,10000068,Stockist 10000068,2026-02,10000068_20260228_190503_ST-RAHPLTD-FEB-2026-28022026-1.xlsx,70,TACITINIX OINT,Tacitinix Ointment 15 gm Sale,15GM,19,,0,,0,0,19,9772,
270,10000068,Stockist 10000068,2026-02,10000068_20260228_190503_ST-RAHPLTD-FEB-2026-28022026-1.xlsx,99,TVAKSH FACE GUARD SPF 30+,,50GM,6,,0,,0,0,6,3152,
271,10000068,Stockist 10000068,2026-02,10000068_20260228_190503_ST-RAHPLTD-FEB-2026-28022026-1.xlsx,99,TVAKSH FACE GUARD SPF 50+,,30GM,7,,0,,4,2107,3,1422,
272,10000068,Stockist 10000068,2026-02,10000068_20260228_190503_ST-RAHPLTD-FEB-2026-28022026-1.xlsx,70,ELOCON CREAM,Elocon cream 10gm,30GM,16,,12,,6,2586,22,9082,
273,10000068,Stockist 10000068,2026-02,10000068_20260228_190503_ST-RAHPLTD-FEB-2026-28022026-1.xlsx,70,ELOCON OINT,,30GM,13,,0,,7,3280,6,2530,
274,10000068,Stockist 10000068,2026-02,10000068_20260228_190503_ST-RAHPLTD-FEB-2026-28022026-1.xlsx,80,ESGIPYRIN DS,,3ML,300,,0,,0,0,300,1095,
275,10000068,Stockist 10000068,2026-02,10000068_20260228_190503_ST-RAHPLTD-FEB-2026-28022026-1.xlsx,70,FOLLIHAIR A,,15,23,,0,,13,3948,10,2734,
276,10000068,Stockist 10000068,2026-02,10000068_20260228_190503_ST-RAHPLTD-FEB-2026-28022026-1.xlsx,70,FOLLIHAIR AMPM TAB,Follihair AMPM 20s Tab,20,25,,24,,18,6456,31,10006,
277,10000068,Stockist 10000068,2026-02,10000068_20260228_190503_ST-RAHPLTD-FEB-2026-28022026-1.xlsx,70,FOLLIHAIR BOTTLE,,30TAB,32,,10,,22,13110,20,10727,
278,10000068,Stockist 10000068,2026-02,10000068_20260228_190503_ST-RAHPLTD-FEB-2026-28022026-1.xlsx,70,FOLLIHAIR NEW TAB,FOLLIHAIR TABLETS 30S,15,41,,0,,20,6075,21,5740,
279,10000068,Stockist 10000068,2026-02,10000068_20260228_190503_ST-RAHPLTD-FEB-2026-28022026-1.xlsx,70,FOLLIHAIR RCP SERUM,Follihair RCP Serum 60ml Sale,60ML,10,,10,,5,6407,15,19028,
280,10000068,Stockist 10000068,2026-02,10000068_20260228_190503_ST-RAHPLTD-FEB-2026-28022026-1.xlsx,67,GLIMER M1 TAB,Glimer M1 tabs 15s,15,0,,0,,0,0,0,0,
281,10000068,Stockist 10000068,2026-02,10000068_20260228_190503_ST-RAHPLTD-FEB-2026-28022026-1.xlsx,67,GLIMER M2 FORTE TAB,,15,0,,0,,0,0,0,0,
282,10000068,Stockist 10000068,2026-02,10000068_20260228_190503_ST-RAHPLTD-FEB-2026-28022026-1.xlsx,67,GLIMER MV 1MG,,15,0,,0,,0,0,0,0,
283,10000068,Stockist 10000068,2026-02,10000068_20260228_190503_ST-RAHPLTD-FEB-2026-28022026-1.xlsx,67,GLIMER MV 2,,15,0,,0,,0,0,0,0,
284,10000068,Stockist 10000068,2026-02,10000068_20260228_190503_ST-RAHPLTD-FEB-2026-28022026-1.xlsx,80,GUMLOC TOTAL TOOTHPASTE,Gumloc Total 100gm Toothpaste,100GM,0,,0,,0,0,0,0,
285,10000068,Stockist 10000068,2026-02,10000068_20260228_190503_ST-RAHPLTD-FEB-2026-28022026-1.xlsx,70,I TYZA 200MG CAP,,10CAP,27,,0,,6,1080,21,3402,
286,10000068,Stockist 10000068,2026-02,10000068_20260228_190503_ST-RAHPLTD-FEB-2026-28022026-1.xlsx,70,I TYZA SB 100,,10,0,,0,,0,0,0,0,
287,10000068,Stockist 10000068,2026-02,10000068_20260228_190503_ST-RAHPLTD-FEB-2026-28022026-1.xlsx,70,LOBATE GN CREAM,Lobate Gn Cream 15gm,15GM,7,,10,,4,274,13,802,
288,10000068,Stockist 10000068,2026-02,10000068_20260228_190503_ST-RAHPLTD-FEB-2026-28022026-1.xlsx,70,LOBATE S OINT,LOBATE S OINTMENT 30GM,30GM,11,,10,,5,919,16,2647,
289,10000068,Stockist 10000068,2026-02,10000068_20260228_190503_ST-RAHPLTD-FEB-2026-28022026-1.xlsx,70,LOBATE SKIN CREAM,LOBATE SKIN CREAM 30GM,30GM,19,,0,,6,1150,13,2242,
290,10000068,Stockist 10000068,2026-02,10000068_20260228_190503_ST-RAHPLTD-FEB-2026-28022026-1.xlsx,70,MELAGARD MATTE SPF 30+,,50GM,0,,0,,0,0,0,0,
291,10000068,Stockist 10000068,2026-02,10000068_20260228_190503_ST-RAHPLTD-FEB-2026-28022026-1.xlsx,70,MELAGARD MATTE SPF 50+,,50GM,0,,0,,0,0,0,0,
292,10000068,Stockist 10000068,2026-02,10000068_20260228_190503_ST-RAHPLTD-FEB-2026-28022026-1.xlsx,70,MELAGARD NEW 50+,New MELAGARD 50+ 60ml,60ML,5,,0,,0,0,5,2565,
293,10000068,Stockist 10000068,2026-02,10000068_20260228_190503_ST-RAHPLTD-FEB-2026-28022026-1.xlsx,70,SELSUN DAILY SHAMPOO,SELSUN 120ml,120ML,0,,0,,0,0,0,0,
294,10000068,Stockist 10000068,2026-02,10000068_20260228_190503_ST-RAHPLTD-FEB-2026-28022026-1.xlsx,70,SELSUN DAILY SHAMPOO (2 IN,,1) 200ML,0,,0,,0,0,0,0,
295,10000068,Stockist 10000068,2026-02,10000068_20260228_190503_ST-RAHPLTD-FEB-2026-28022026-1.xlsx,70,SELSUN S SHAMPOO,Selsun S Shampoo 120 ml,120ML,24,,0,,9,3679,15,5519,
296,10000068,Stockist 10000068,2026-02,10000068_20260228_190503_ST-RAHPLTD-FEB-2026-28022026-1.xlsx,70,SELSUN SUSP,Selsun susp. 200 ml,200ML,10,,10,,10,5029,10,4114,
297,10000068,Stockist 10000068,2026-02,10000068_20260228_190503_ST-RAHPLTD-FEB-2026-28022026-1.xlsx,90,SUPRACTIV NEW CAP,,15CAP,0,,0,,0,0,0,0,
298,10000068,Stockist 10000068,2026-02,10000068_20260228_190503_ST-RAHPLTD-FEB-2026-28022026-1.xlsx,65,SURBEX CV,,15TAB,0,,0,,0,0,0,0,
299,10000068,Stockist 10000068,2026-02,10000068_20260228_190503_ST-RAHPLTD-FEB-2026-28022026-1.xlsx,79,SURBEX FE 30MG CHEW,,15TAB,10,,10,,8,2376,12,3207,
300,10000068,Stockist 10000068,2026-02,10000068_20260228_190503_ST-RAHPLTD-FEB-2026-28022026-1.xlsx,70,TYZA CREAM,TYZA CREAM 15GM,30GM,5,,0,,1,128,4,461,
301,10000068,Stockist 10000068,2026-02,10000068_20260228_190503_ST-RAHPLTD-FEB-2026-28022026-1.xlsx,70,TYZA DUSTING POW,TYZA DUSTING POWDER 50GM,50GM,10,,0,,2,359,8,1294,
302,10000068,Stockist 10000068,2026-02,10000068_20260228_190503_ST-RAHPLTD-FEB-2026-28022026-1.xlsx,70,TYZA M CREAM,TYZA M CREAM 10GM,10GM,10,,10,,10,954,10,859,
303,10000068,Stockist 10000068,2026-02,10000068_20260228_190503_ST-RAHPLTD-FEB-2026-28022026-1.xlsx,70,TYZA TAB,TYZA TABLETS 10S,10,9,,0,,4,858,5,965,
304,10000068,Stockist 10000068,2026-02,10000068_20260228_190503_ST-RAHPLTD-FEB-2026-28022026-1.xlsx,70,XEVOR 5MG TAB,XEVOR TABS 10S,15,11,,0,,0,0,13,484,
305,10000068,Stockist 10000068,2026-02,10000068_20260228_190503_ST-RAHPLTD-FEB-2026-28022026-1.xlsx,72,GLUFORMIN 500 TAB,GLUFORMIN XL 500 10'S,10TAB,30,,0,,0,0,30,407,
306,10000068,Stockist 10000068,2026-02,10000068_20260228_190503_ST-RAHPLTD-FEB-2026-28022026-1.xlsx,72,GLUFORMIN G1 FORTE,Gluformin G 1 Forte 10s,15,6,,0,,6,966,0,0,
307,10000068,Stockist 10000068,2026-02,10000068_20260228_190503_ST-RAHPLTD-FEB-2026-28022026-1.xlsx,72,GLUFORMIN G1 TAB,Gluformin G1 tablets 15's,15TAB,27,,0,,12,1671,15,1880,
308,10000068,Stockist 10000068,2026-02,10000068_20260228_190503_ST-RAHPLTD-FEB-2026-28022026-1.xlsx,72,GLUFORMIN G2 FORTE,Gluformin G2 Forte New 15s,15,8,,0,,3,684,5,1026,
309,10000068,Stockist 10000068,2026-02,10000068_20260228_190503_ST-RAHPLTD-FEB-2026-28022026-1.xlsx,72,GLUFORMIN G2 TAB,Gluformin G2 tablets 15'S,15TAB,25,,0,,6,1312,19,3739,
310,10000068,Stockist 10000068,2026-02,10000068_20260228_190503_ST-RAHPLTD-FEB-2026-28022026-1.xlsx,72,GLUFORMIN GS FORTE 1MG TAB,Gluformin GS forte 2mg tabs 10s,10TAB,0,,0,,0,0,0,0,
311,10000068,Stockist 10000068,2026-02,10000068_20260228_190503_ST-RAHPLTD-FEB-2026-28022026-1.xlsx,72,GLUFORMIN GS FORTE 2MG TAB,Gluformin GS forte 2mg tabs 10s,10TAB,0,,0,,0,0,0,0,
312,10000068,Stockist 10000068,2026-02,10000068_20260228_190503_ST-RAHPLTD-FEB-2026-28022026-1.xlsx,72,GLUFORMIN XL 1000 (DPCO),,15TAB,29,,0,,8,395,21,934,
313,10000068,Stockist 10000068,2026-02,10000068_20260228_190503_ST-RAHPLTD-FEB-2026-28022026-1.xlsx,72,GLUFORMIN XL 500MG,GLUFORMIN XL 500 10'S,15TAB,45,,0,,16,405,29,661,
314,10000068,Stockist 10000068,2026-02,10000068_20260228_190503_ST-RAHPLTD-FEB-2026-28022026-1.xlsx,72,GLUJECT 10MG,,15TAB,30,,0,,5,972,25,4376,
315,10000068,Stockist 10000068,2026-02,10000068_20260228_190503_ST-RAHPLTD-FEB-2026-28022026-1.xlsx,72,GLUJECT S 10MG TAB,Gluject -S 10mg Tab 10s,10TAB,14,,10,,10,1815,14,2287,
316,10000068,Stockist 10000068,2026-02,10000068_20260228_190503_ST-RAHPLTD-FEB-2026-28022026-1.xlsx,72,JANUMET 50/1000MG TAB,JANUMET 50/1000MG 2X15 TAB,15TAB,116,,60,,78,21172,98,23940,
317,10000068,Stockist 10000068,2026-02,10000068_20260228_190503_ST-RAHPLTD-FEB-2026-28022026-1.xlsx,72,JANUMET 50/500MG TAB,JANUMET 50/500MG 2X15 TAB,15TAB,207,,60,,96,25715,171,41225,
318,10000068,Stockist 10000068,2026-02,10000068_20260228_190503_ST-RAHPLTD-FEB-2026-28022026-1.xlsx,72,JANUMET XR CP,JANUMET XRCP 2x7 TAB Combipack,7+7,47,,0,,31,6864,16,3189,
319,10000068,Stockist 10000068,2026-02,10000068_20260228_190503_ST-RAHPLTD-FEB-2026-28022026-1.xlsx,72,JANUVIA 100MG TAB,JANUVIA 100MG 7s TAB,7,151,,50,,71,14960,130,24653,
320,10000068,Stockist 10000068,2026-02,10000068_20260228_190503_ST-RAHPLTD-FEB-2026-28022026-1.xlsx,72,JANUVIA 50MG TAB,JANUVIA 50MG 7s TAB,7,84,,100,,54,11186,130,24236,
321,10000068,Stockist 10000068,2026-02,10000068_20260228_190503_ST-RAHPLTD-FEB-2026-28022026-1.xlsx,72,NEOMERCAZOLE 10MG TAB (DPCO),,130,28,,10,,16,7205,22,8916,
322,10000068,Stockist 10000068,2026-02,10000068_20260228_190503_ST-RAHPLTD-FEB-2026-28022026-1.xlsx,72,NEOMERCAZOLE 20MG TAB (DPCO),,130,5,,3,,2,2935,6,7924,
323,10000068,Stockist 10000068,2026-02,10000068_20260228_190503_ST-RAHPLTD-FEB-2026-28022026-1.xlsx,72,NEOMERCAZOLE 5MG TAB (DPCO),,130,44,,0,,19,4372,25,5205,
324,10000068,Stockist 10000068,2026-02,10000068_20260228_190503_ST-RAHPLTD-FEB-2026-28022026-1.xlsx,72,TRIBET 1 TAB,TRIBET -1 Tabs 15s,15,26,,0,,6,1438,20,4314,
325,10000068,Stockist 10000068,2026-02,10000068_20260228_190503_ST-RAHPLTD-FEB-2026-28022026-1.xlsx,72,TRIBET 2 TAB,TRIBET-2 Tabs 15s,15TAB,48,,40,,40,11459,48,12375,
326,10000068,Stockist 10000068,2026-02,10000068_20260228_190503_ST-RAHPLTD-FEB-2026-28022026-1.xlsx,93,CROTOREX HC CREAM,CROTORAX  HC CREAM 10g,10GM,14,,20,,14,1013,20,1303,
327,10000068,Stockist 10000068,2026-02,10000068_20260228_190503_ST-RAHPLTD-FEB-2026-28022026-1.xlsx,93,QUADRIDERM RF CREAM,Quadriderm RF Cream 5 g,5GM,139,,0,,21,1208,118,6752,
328,10000068,Stockist 10000068,2026-02,10000068_20260228_190503_ST-RAHPLTD-FEB-2026-28022026-1.xlsx,73,B STIL 24MG TAB,,10TAB,0,,0,,0,0,0,0,
329,10000068,Stockist 10000068,2026-02,10000068_20260228_190503_ST-RAHPLTD-FEB-2026-28022026-1.xlsx,73,BILAZEST 20MG TAB,Bilazest 20mg Tab - 10s,10,19,,100,,29,4503,90,12578,
330,10000068,Stockist 10000068,2026-02,10000068_20260228_190503_ST-RAHPLTD-FEB-2026-28022026-1.xlsx,73,BILAZEST M TAB,BILAZEST M TAB,10TAB,25,,100,,33,5585,92,15048,
331,10000068,Stockist 10000068,2026-02,10000068_20260228_190503_ST-RAHPLTD-FEB-2026-28022026-1.xlsx,73,CLARIBID 250 DS SUSP,,30ML,0,,0,,0,0,0,0,
332,10000068,Stockist 10000068,2026-02,10000068_20260228_190503_ST-RAHPLTD-FEB-2026-28022026-1.xlsx,73,CLARIBID 250MG TAB (DPCO),,10TAB,36,,100,,45,8812,91,16038,
333,10000068,Stockist 10000068,2026-02,10000068_20260228_190503_ST-RAHPLTD-FEB-2026-28022026-1.xlsx,73,CLARIBID 500MG TAB (DPCO),,10TAB,125,,0,,67,21498,58,16925,
334,10000068,Stockist 10000068,2026-02,10000068_20260228_190503_ST-RAHPLTD-FEB-2026-28022026-1.xlsx,73,CLARIBID OD 1MG,,7,10,,0,,1,402,9,3253,
335,10000068,Stockist 10000068,2026-02,10000068_20260228_190503_ST-RAHPLTD-FEB-2026-28022026-1.xlsx,73,CLARIBID OD 500MG TAB,Claribid OD 1g 07 Tabs,7TAB,21,,20,,19,4749,22,4949,
336,10000068,Stockist 10000068,2026-02,10000068_20260228_190503_ST-RAHPLTD-FEB-2026-28022026-1.xlsx,73,ESSENTIALE L 1 G,Essentiale-L 1 g,10CAP,0,,0,,0,0,0,0,
337,10000068,Stockist 10000068,2026-02,10000068_20260228_190503_ST-RAHPLTD-FEB-2026-28022026-1.xlsx,73,PHENARGAN 10MG TAB,PHENERGAN 10MG TABS 10S,10TAB,51,,0,,11,171,40,592,
338,10000068,Stockist 10000068,2026-02,10000068_20260228_190503_ST-RAHPLTD-FEB-2026-28022026-1.xlsx,73,PHENARGAN 25MG TAB,PHENERGAN 10MG TABS 10S,10TAB,64,,150,,124,5026,90,3528,
339,10000068,Stockist 10000068,2026-02,10000068_20260228_190503_ST-RAHPLTD-FEB-2026-28022026-1.xlsx,73,PHENERGAN INJ,PHENERGAN INJ 2 ML AMPL,2ML,40,,700,,0,0,740,8488,
340,10000068,Stockist 10000068,2026-02,10000068_20260228_190503_ST-RAHPLTD-FEB-2026-28022026-1.xlsx,73,PHENERGAN SY,PHENERGAN SYRUP 100ML,100ML,39,,0,,13,567,26,1020,
341,10000068,Stockist 10000068,2026-02,10000068_20260228_190503_ST-RAHPLTD-FEB-2026-28022026-1.xlsx,73,PHENSEDYL T SYRUP,,100ML,0,,0,,0,0,0,0,
342,10000068,Stockist 10000068,2026-02,10000068_20260228_190503_ST-RAHPLTD-FEB-2026-28022026-1.xlsx,73,SOLSPRE F MIST,Solspre F Mist 6g Nasal Spray,6GM,0,,25,,1,392,24,8469,
343,10000068,Stockist 10000068,2026-02,10000068_20260228_190503_ST-RAHPLTD-FEB-2026-28022026-1.xlsx,73,SOLSPRE NASAL SPRAY,,100ML,1,,50,,20,7966,31,11113,
344,10000068,Stockist 10000068,2026-02,10000068_20260228_190503_ST-RAHPLTD-FEB-2026-28022026-1.xlsx,73,STEMETIL INJ,STEMETIL INJ 1ML AMPL,1ML,500,,500,,312,6423,688,13258,
345,10000068,Stockist 10000068,2026-02,10000068_20260228_190503_ST-RAHPLTD-FEB-2026-28022026-1.xlsx,73,STEMETIL MD TAB,Stemetil MD 15s,15,140,,120,,111,16568,149,20017,
346,10000068,Stockist 10000068,2026-02,10000068_20260228_190503_ST-RAHPLTD-FEB-2026-28022026-1.xlsx,73,STEMETIL VM TAB,Stemetil VM 15s Tablet,15TAB,11,,0,,1,161,10,1446,
347,10000068,Stockist 10000068,2026-02,10000068_20260228_190503_ST-RAHPLTD-FEB-2026-28022026-1.xlsx,73,SUPRA PLUS,Supra Plus - 15s,15,0,,300,,4,199,296,13276,
348,10000068,Stockist 10000068,2026-02,10000068_20260228_190503_ST-RAHPLTD-FEB-2026-28022026-1.xlsx,73,TIXYLIX G SYRUP,Tixylix G Syrup 60ml,60ML,34,,25,,36,2457,23,1545,
349,10000068,Stockist 10000068,2026-02,10000068_20260228_190503_ST-RAHPLTD-FEB-2026-28022026-1.xlsx,73,TIXYLIX LS,,100ML,6,,80,,9,945,77,7745,
350,10000068,Stockist 10000068,2026-02,10000068_20260228_190503_ST-RAHPLTD-FEB-2026-28022026-1.xlsx,73,TIXYLIX LS JR. SYRUP,,60ML,120,,0,,17,1333,103,7271,
351,10000068,Stockist 10000068,2026-02,10000068_20260228_190503_ST-RAHPLTD-FEB-2026-28022026-1.xlsx,73,TIXYLIX NEW SYRUP,TIXYLIX NEW SYRUP 60ML,60ML,503,,0,,39,3448,464,36920,
352,10000068,Stockist 10000068,2026-02,10000068_20260228_190503_ST-RAHPLTD-FEB-2026-28022026-1.xlsx,73,TIXYLIX SY,TIXYLIX NEW SYRUP 60ML,60ML,0,,0,,0,0,0,0,
353,10000068,Stockist 10000068,2026-02,10000068_20260228_190503_ST-RAHPLTD-FEB-2026-28022026-1.xlsx,62,LINGRETIN D TAB,Lingretin D tabs 10s,10,0,,0,,0,0,0,0,
354,10000068,Stockist 10000068,2026-02,10000068_20260228_190503_ST-RAHPLTD-FEB-2026-28022026-1.xlsx,94,ABVIDA 50MG TAB,Abvida 50mg 15s Tabs Sales Pack,15TAB,20,,0,,0,0,20,2823,
355,10000068,Stockist 10000068,2026-02,10000068_20260228_190503_ST-RAHPLTD-FEB-2026-28022026-1.xlsx,94,ABVIDA M 50MG/500MG TAB,,15TAB,14,,10,,8,1656,16,3279,
356,10000068,Stockist 10000068,2026-02,10000068_20260228_190503_ST-RAHPLTD-FEB-2026-28022026-1.xlsx,94,ABVIDA TRIO 500MG TAB,Abvida Trio 500 10s Tab,10,9,,10,,9,1175,10,1293,
357,10000068,Stockist 10000068,2026-02,10000068_20260228_190503_ST-RAHPLTD-FEB-2026-28022026-1.xlsx,94,EMPEXEL 10MG TAB,EMPEXEL 10 Sale Pack 15 Tabs,15TAB,24,,0,,0,0,24,2314,
358,10000068,Stockist 10000068,2026-02,10000068_20260228_190503_ST-RAHPLTD-FEB-2026-28022026-1.xlsx,94,EMPEXEL 25MG TAB,EMPEXEL 25 Sale Pack 15 Tabs,15TAB,14,,0,,3,386,11,1273,
359,10000068,Stockist 10000068,2026-02,10000068_20260228_190503_ST-RAHPLTD-FEB-2026-28022026-1.xlsx,94,EMPEXEL L 25/5MG TAB,,10TAB,7,,10,,3,386,14,1620,
360,10000068,Stockist 10000068,2026-02,10000068_20260228_190503_ST-RAHPLTD-FEB-2026-28022026-1.xlsx,94,EMPEXEL M 12.5/1000MG TAB,Empexel M 12.5/1000mg 10s Tab Sale,10TAB,40,,0,,0,0,40,5141,
361,10000068,Stockist 10000068,2026-02,10000068_20260228_190503_ST-RAHPLTD-FEB-2026-28022026-1.xlsx,94,EMPEXEL M 12.5/500MG TAB,Empexel M 12.5/1000mg 10s Tab Sale,10TAB,17,,0,,0,0,17,1748,
362,10000068,Stockist 10000068,2026-02,10000068_20260228_190503_ST-RAHPLTD-FEB-2026-28022026-1.xlsx,94,EMPEXEL M SR 10/1000,EMPEXEL M SR 10/1000 15S TABS,15,40,,0,,0,0,40,6557,
363,10000068,Stockist 10000068,2026-02,10000068_20260228_190503_ST-RAHPLTD-FEB-2026-28022026-1.xlsx,94,EMPEXEL M SR 25/1000,EMPEXEL M SR 25/1000 15S TABS,15,30,,0,,0,0,30,5496,
364,10000068,Stockist 10000068,2026-02,10000068_20260228_190503_ST-RAHPLTD-FEB-2026-28022026-1.xlsx,94,NERVUP FORTE TAB NEW,New Nervup forte 15s Tab,15TAB,0,,0,,0,0,0,0,
365,10000068,Stockist 10000068,2026-02,10000068_20260228_190503_ST-RAHPLTD-FEB-2026-28022026-1.xlsx,94,NERVUP INJ,NERVUP INJ. 1ML - BD SYRINGE,1ML,15,,0,,1,102,14,1291,
366,10000068,Stockist 10000068,2026-02,10000068_20260228_190503_ST-RAHPLTD-FEB-2026-28022026-1.xlsx,94,NERVUP OD,,15CAP,32,,15,,20,6264,26,7329,
367,10000068,Stockist 10000068,2026-02,10000068_20260228_190503_ST-RAHPLTD-FEB-2026-28022026-1.xlsx,94,NERVUP PG CAP,Nervup PG Capsules 10s,10CAP,8,,10,,4,1031,14,3248,
368,10000068,Stockist 10000068,2026-02,10000068_20260228_190503_ST-RAHPLTD-FEB-2026-28022026-1.xlsx,67,PPG 0.2MG,,30TAB,11,,10,,5,1032,16,2971,
369,10000068,Stockist 10000068,2026-02,10000068_20260228_190503_ST-RAHPLTD-FEB-2026-28022026-1.xlsx,67,PPG 0.3MG,,30TAB,22,,0,,10,3139,12,3390,
370,10000068,Stockist 10000068,2026-02,10000068_20260228_190503_ST-RAHPLTD-FEB-2026-28022026-1.xlsx,67,PPG MET 0.2,PPG MET 0.3 10s,10TAB,14,,0,,3,320,11,1161,
371,10000068,Stockist 10000068,2026-02,10000068_20260228_190503_ST-RAHPLTD-FEB-2026-28022026-1.xlsx,67,PPG MET 0.3,PPG MET 0.3 10s,10TAB,10,,0,,3,485,7,1018,
372,10000068,Stockist 10000068,2026-02,10000068_20260228_190503_ST-RAHPLTD-FEB-2026-28022026-1.xlsx,67,PPG R 0.5,PPG R 0.5 Tab 15s,15,0,,0,,0,0,0,0,
373,10000068,Stockist 10000068,2026-02,10000068_20260228_190503_ST-RAHPLTD-FEB-2026-28022026-1.xlsx,67,PPG R 1,,15,0,,0,,0,0,0,0,
374,10000068,Stockist 10000068,2026-02,10000068_20260228_190503_ST-RAHPLTD-FEB-2026-28022026-1.xlsx,94,TRIBETROL 1 TAB,TRIBETROL 1 TABS 15S,15TAB,5,,0,,0,0,5,891,
375,10000068,Stockist 10000068,2026-02,10000068_20260228_190503_ST-RAHPLTD-FEB-2026-28022026-1.xlsx,94,TRIBETROL 2 TAB,TRIBETROL 2 TABS 15S,15TAB,9,,0,,0,0,9,2159,
376,10000068,Stockist 10000068,2026-02,10000068_20260228_190503_ST-RAHPLTD-FEB-2026-28022026-1.xlsx,76,BASITON FORTE TAB,,15TAB,4,,10,,1,43,13,508,
377,10000068,Stockist 10000068,2026-02,10000068_20260228_190503_ST-RAHPLTD-FEB-2026-28022026-1.xlsx,75,DURAJOINT GM TAB,Durajoint GM Tablets 10T,10TAB,40,,30,,30,9318,40,11181,
378,10000068,Stockist 10000068,2026-02,10000068_20260228_190503_ST-RAHPLTD-FEB-2026-28022026-1.xlsx,76,ENLIVA CAP,Enliva (10's),10CAP,22,,0,,2,398,20,3581,
379,10000068,Stockist 10000068,2026-02,10000068_20260228_190503_ST-RAHPLTD-FEB-2026-28022026-1.xlsx,73,ESOGA RD CAP,Esoga-RD Caps  10's Strip pack,10CAP,87,,60,,66,8816,81,9737,
380,10000068,Stockist 10000068,2026-02,10000068_20260228_190503_ST-RAHPLTD-FEB-2026-28022026-1.xlsx,75,KENACORT 10MG INJ,KENACORT 10MG/ML INJECTION,1ML,100,,150,,107,7274,143,8749,
381,10000068,Stockist 10000068,2026-02,10000068_20260228_190503_ST-RAHPLTD-FEB-2026-28022026-1.xlsx,75,KENACORT 40MG INJ,KENACORT 40MG/ML INJECTION,1ML,126,,0,,35,5655,91,13232,
382,10000068,Stockist 10000068,2026-02,10000068_20260228_190503_ST-RAHPLTD-FEB-2026-28022026-1.xlsx,75,KENACORT 4MG TAB,KENACORT 4MG TAB 15S,15,25,,30,,25,3191,30,3746,
383,10000068,Stockist 10000068,2026-02,10000068_20260228_190503_ST-RAHPLTD-FEB-2026-28022026-1.xlsx,75,KENACORT HEXA 20MG INJ,,1ML,0,,0,,0,0,0,0,
384,10000068,Stockist 10000068,2026-02,10000068_20260228_190503_ST-RAHPLTD-FEB-2026-28022026-1.xlsx,75,KENACORT NEW 0.1%APPLICATOR,,7.5GM,81,,900,,857,101435,124,14483,
385,10000068,Stockist 10000068,2026-02,10000068_20260228_190503_ST-RAHPLTD-FEB-2026-28022026-1.xlsx,75,LIMCEE TAB,Limcee Chewable Tabs 500 mg 15s,15TAB,923,,1800,,1527,28708,1196,20236,
386,10000068,Stockist 10000068,2026-02,10000068_20260228_190503_ST-RAHPLTD-FEB-2026-28022026-1.xlsx,75,MONTI FX TAB,Monti-FX tabs 10s,10TAB,21,,0,,7,1462,14,2631,
387,10000068,Stockist 10000068,2026-02,10000068_20260228_190503_ST-RAHPLTD-FEB-2026-28022026-1.xlsx,75,POLIEXAR 2MG CAP,Poliexar Capsule 2mg,10CAP,12,,0,,4,528,8,996,
388,10000068,Stockist 10000068,2026-02,10000068_20260228_190503_ST-RAHPLTD-FEB-2026-28022026-1.xlsx,76,SETGI CAP,SETGI  CAPSULES  10S,10CAP,8,,0,,0,0,8,874,
389,10000068,Stockist 10000068,2026-02,10000068_20260228_190503_ST-RAHPLTD-FEB-2026-28022026-1.xlsx,80,TOOTHMIN,ToothMin 70GM,70GM,15,,0,,10,2400,5,1080,
390,10000068,Stockist 10000068,2026-02,10000068_20260228_190503_ST-RAHPLTD-FEB-2026-28022026-1.xlsx,75,TOSSEX SYRUP,TOSSEX SYRUP 120 ML,120ML,85,,300,,123,24177,262,50249,
391,10000068,Stockist 10000068,2026-02,10000068_20260228_190503_ST-RAHPLTD-FEB-2026-28022026-1.xlsx,75,TOSSEX DMR SYRUP,TOSSEX DMR SYRUP -100 ML,100ML,68,,0,,6,659,62,6127,
392,10000068,Stockist 10000068,2026-02,10000068_20260228_190503_ST-RAHPLTD-FEB-2026-28022026-1.xlsx,75,TOSSEX NEW SYRUP,,100ML,0,,0,,0,0,0,0,
393,10000068,Stockist 10000068,2026-02,10000068_20260228_190503_ST-RAHPLTD-FEB-2026-28022026-1.xlsx,76,ZIL O TAB,ZIL-O TABLETS 10s,10TAB,12,,0,,0,0,12,1444,
394,10000068,Stockist 10000068,2026-02,10000068_20260228_190503_ST-RAHPLTD-FEB-2026-28022026-1.xlsx,77,DEPSONIL 25 TAB,Depsonil 25 Tablets(FC) 10's,10TAB,252,,300,,252,3204,300,3681,
395,10000068,Stockist 10000068,2026-02,10000068_20260228_190503_ST-RAHPLTD-FEB-2026-28022026-1.xlsx,77,LIBRIUM 5MG TAB,Librium 5mg Tabs 15S Pack,15TAB,33,,0,,11,1167,22,2100,
396,10000068,Stockist 10000068,2026-02,10000068_20260228_190503_ST-RAHPLTD-FEB-2026-28022026-1.xlsx,77,MIGDITAN 100MG,,4,0,,0,,0,0,0,0,
397,10000068,Stockist 10000068,2026-02,10000068_20260228_190503_ST-RAHPLTD-FEB-2026-28022026-1.xlsx,77,MIGDITAN 50MG,,4,0,,0,,0,0,0,0,
398,10000068,Stockist 10000068,2026-02,10000068_20260228_190503_ST-RAHPLTD-FEB-2026-28022026-1.xlsx,77,RIVOTRIL 0.25MG (DPCO),,10TAB,195,,0,,157,2569,38,559,
399,10000068,Stockist 10000068,2026-02,10000068_20260228_190503_ST-RAHPLTD-FEB-2026-28022026-1.xlsx,77,RIVOTRIL 0.5MG TAB (DPCO),,15TAB,617,,600,,617,25982,600,22740,
400,10000068,Stockist 10000068,2026-02,10000068_20260228_190503_ST-RAHPLTD-FEB-2026-28022026-1.xlsx,77,RIVOTRIL 2 MG TAB,RIVOTRIL 0.5 MG TABS 10S,15,100,,100,,100,18906,100,17015,
401,10000068,Stockist 10000068,2026-02,10000068_20260228_190503_ST-RAHPLTD-FEB-2026-28022026-1.xlsx,61,AQUAVIRON CAP,Aquaviron capsules 10s,10CAP,11,,10,,7,1288,14,2319,
402,10000068,Stockist 10000068,2026-02,10000068_20260228_190503_ST-RAHPLTD-FEB-2026-28022026-1.xlsx,61,AQUAVIRON INJ,AQUAVIRON INJ. 1 ML,1ML,66,,0,,0,0,66,10982,
403,10000068,Stockist 10000068,2026-02,10000068_20260228_190503_ST-RAHPLTD-FEB-2026-28022026-1.xlsx,90,BETOGAIN SYRUP,BETONIN SYRUP 210 ML,200ML,0,,0,,0,0,0,0,
404,10000068,Stockist 10000068,2026-02,10000068_20260228_190503_ST-RAHPLTD-FEB-2026-28022026-1.xlsx,61,BETONIN AST medica,,210ML,0,,0,,0,0,0,0,
405,10000068,Stockist 10000068,2026-02,10000068_20260228_190503_ST-RAHPLTD-FEB-2026-28022026-1.xlsx,61,BETONIN AST,BETONIN AST 200ML,225ML,49,,0,,24,4538,25,4254,
406,10000068,Stockist 10000068,2026-02,10000068_20260228_190503_ST-RAHPLTD-FEB-2026-28022026-1.xlsx,61,DELETUS BL SYRUP,Deletus BL Syrup 100ml,100ML,48,,0,,3,332,45,4487,
407,10000068,Stockist 10000068,2026-02,10000068_20260228_190503_ST-RAHPLTD-FEB-2026-28022026-1.xlsx,61,DELETUS BX NEW SYRUP,DELETUS BX SYRUP 100 ML,100ML,54,,0,,10,1059,44,4195,
408,10000068,Stockist 10000068,2026-02,10000068_20260228_190503_ST-RAHPLTD-FEB-2026-28022026-1.xlsx,61,DELETUS D PLUS SYRUP,Deletus LS Syrup 100ml,100ML,58,,110,,79,9495,89,9627,
409,10000068,Stockist 10000068,2026-02,10000068_20260228_190503_ST-RAHPLTD-FEB-2026-28022026-1.xlsx,61,DELETUS LS JR. SYRUP,Deletus LS Jr. Syrup 60ml,60ML,61,,0,,44,3451,17,1200,
410,10000068,Stockist 10000068,2026-02,10000068_20260228_190503_ST-RAHPLTD-FEB-2026-28022026-1.xlsx,61,DELETUS LS SYRUP,Deletus LS Syrup 100ml,100ML,25,,0,,8,821,17,1570,
411,10000068,Stockist 10000068,2026-02,10000068_20260228_190503_ST-RAHPLTD-FEB-2026-28022026-1.xlsx,61,DELETUS P LIQUID,,100ML,53,,55,,42,5691,66,8049,
412,10000068,Stockist 10000068,2026-02,10000068_20260228_190503_ST-RAHPLTD-FEB-2026-28022026-1.xlsx,61,DELETUS P NEW SYRUP,,100ML,0,,0,,0,0,0,0,
413,10000068,Stockist 10000068,2026-02,10000068_20260228_190503_ST-RAHPLTD-FEB-2026-28022026-1.xlsx,61,DELETUS PEARLS,Deletus Pearls 10s,10TAB,12,,30,,10,759,32,2184,
414,10000068,Stockist 10000068,2026-02,10000068_20260228_190503_ST-RAHPLTD-FEB-2026-28022026-1.xlsx,61,DIPSALIC F OINT,Dipsalic F Ointment 20 g,30GM,23,,0,,12,2040,11,1683,
415,10000068,Stockist 10000068,2026-02,10000068_20260228_190503_ST-RAHPLTD-FEB-2026-28022026-1.xlsx,61,FLAGYL 200 MG (DPCO),,20,221,,390,,226,2722,385,4601,
416,10000068,Stockist 10000068,2026-02,10000068_20260228_190503_ST-RAHPLTD-FEB-2026-28022026-1.xlsx,61,FLAGYL 400MG (DPCO),,20,8,,630,,170,3836,468,10422,
417,10000068,Stockist 10000068,2026-02,10000068_20260228_190503_ST-RAHPLTD-FEB-2026-28022026-1.xlsx,61,FLAGYL OF 200/100MG SUSPEN,,60ML,54,,0,,0,0,54,2426,
418,10000068,Stockist 10000068,2026-02,10000068_20260228_190503_ST-RAHPLTD-FEB-2026-28022026-1.xlsx,61,OZEWID LOTION,Ozewid Lotion 15ml,15ML,8,,0,,3,778,5,1167,
419,10000068,Stockist 10000068,2026-02,10000068_20260228_190503_ST-RAHPLTD-FEB-2026-28022026-1.xlsx,61,RASHFREE CREAM,Rashfree 30 gm Cream,30GM,25,,25,,17,3383,33,6501,
420,10000068,Stockist 10000068,2026-02,10000068_20260228_190503_ST-RAHPLTD-FEB-2026-28022026-1.xlsx,61,SURBEX XT TAB,SURBEX -XT 15'S,15TAB,25,,60,,25,3424,60,7396,
421,10000068,Stockist 10000068,2026-02,10000068_20260228_190503_ST-RAHPLTD-FEB-2026-28022026-1.xlsx,80,CANDY COP PRO TOOTH PASTE,,50GM,30,,0,,0,0,30,4485,
422,10000068,Stockist 10000068,2026-02,10000068_20260228_190503_ST-RAHPLTD-FEB-2026-28022026-1.xlsx,80,ESGIPYRIN TAB,Esgipyrin Tab Plastic Box 15S,15,0,,0,,0,0,0,0,
423,10000068,Stockist 10000068,2026-02,10000068_20260228_190503_ST-RAHPLTD-FEB-2026-28022026-1.xlsx,80,FLAGYL ER 600MG TAB,Flagyl ER 600mg 10 Tablets,10TAB,15,,10,,9,471,16,754,
424,10000068,Stockist 10000068,2026-02,10000068_20260228_190503_ST-RAHPLTD-FEB-2026-28022026-1.xlsx,80,FLAGYL GEL,Flagyl Gel 20gm,20GM,28,,0,,11,799,17,1111,
425,10000068,Stockist 10000068,2026-02,10000068_20260228_190503_ST-RAHPLTD-FEB-2026-28022026-1.xlsx,80,HYDENT 360 MOUTH WASH,,100ML,9,,0,,4,537,5,604,
426,10000068,Stockist 10000068,2026-02,10000068_20260228_190503_ST-RAHPLTD-FEB-2026-28022026-1.xlsx,80,HYDENT K NEW,HYDENT K 100gm New,100GM,0,,0,,0,0,0,0,
427,10000068,Stockist 10000068,2026-02,10000068_20260228_190503_ST-RAHPLTD-FEB-2026-28022026-1.xlsx,80,HYDENT PRO TOOTHPASTE,Hydent Pro toothpaste 70gm,70GM,11,,10,,8,2039,13,2983,
428,10000068,Stockist 10000068,2026-02,10000068_20260228_190503_ST-RAHPLTD-FEB-2026-28022026-1.xlsx,80,TOOTHMIN AF MOUTHWASH,Toothmin AF Mouthwash 150ml,150ML,0,,0,,0,0,0,0,
429,10000068,Stockist 10000068,2026-02,10000068_20260228_190503_ST-RAHPLTD-FEB-2026-28022026-1.xlsx,79,DURAPAIN TAB,DURAPAIN TABLETS 10'S -SALES,10TAB,42,,50,,29,6337,63,12390,
430,10000068,Stockist 10000068,2026-02,10000068_20260228_190503_ST-RAHPLTD-FEB-2026-28022026-1.xlsx,79,ETODY 120MG,ETODY 120MG,10TAB,9,,0,,0,0,9,1945,
431,10000068,Stockist 10000068,2026-02,10000068_20260228_190503_ST-RAHPLTD-FEB-2026-28022026-1.xlsx,79,ETODY 60MG,ETODY 120MG,10TAB,0,,0,,0,0,0,0,
432,10000068,Stockist 10000068,2026-02,10000068_20260228_190503_ST-RAHPLTD-FEB-2026-28022026-1.xlsx,79,ETODY 90MG,ETODY 120MG,10TAB,25,,0,,9,1848,16,2956,
433,10000068,Stockist 10000068,2026-02,10000068_20260228_190503_ST-RAHPLTD-FEB-2026-28022026-1.xlsx,79,FEBUSTAT 20MG,Febustat 40 mg 10s,15,23,,40,,21,3294,42,5930,
434,10000068,Stockist 10000068,2026-02,10000068_20260228_190503_ST-RAHPLTD-FEB-2026-28022026-1.xlsx,79,FEBUSTAT 40MG,Febustat 40 Tab Sale,15TAB,191,,100,,99,25463,192,44444,
435,10000068,Stockist 10000068,2026-02,10000068_20260228_190503_ST-RAHPLTD-FEB-2026-28022026-1.xlsx,79,FEBUSTAT 80MG,Febustat 80 Tab Sale,15TAB,45,,0,,11,4416,34,12284,
436,10000068,Stockist 10000068,2026-02,10000068_20260228_190503_ST-RAHPLTD-FEB-2026-28022026-1.xlsx,79,FLEXJAK ER 11MG,Flexjak ER 11mg Tab 10s,10,0,,0,,0,0,0,0,
437,10000068,Stockist 10000068,2026-02,10000068_20260228_190503_ST-RAHPLTD-FEB-2026-28022026-1.xlsx,79,REJOINT TAB NEW,,15TAB,69,,90,,58,30274,101,47447,
438,10000068,Stockist 10000068,2026-02,10000068_20260228_190503_ST-RAHPLTD-FEB-2026-28022026-1.xlsx,79,REJOINT UC,Rejoint UC 10s,10CAP,24,,30,,23,18899,31,23228,
439,10000068,Stockist 10000068,2026-02,10000068_20260228_190503_ST-RAHPLTD-FEB-2026-28022026-1.xlsx,79,REJOINT UC PLUS,Rejoint UC Plus Tablet,10TAB,13,,30,,13,11343,30,23559,
440,10000068,Stockist 10000068,2026-02,10000068_20260228_190503_ST-RAHPLTD-FEB-2026-28022026-1.xlsx,79,ROCALTROL 0.25MG CAP,ROCALTROL CAP 10S,10CAP,90,,100,,77,20792,113,27461,
441,10000068,Stockist 10000068,2026-02,10000068_20260228_190503_ST-RAHPLTD-FEB-2026-28022026-1.xlsx,79,ROCALTROL 0.5MG CAP,ROCALTROL CAP 10S,10CAP,11,,20,,4,1714,27,11456,
442,10000068,Stockist 10000068,2026-02,10000068_20260228_190503_ST-RAHPLTD-FEB-2026-28022026-1.xlsx,79,ROCKBON D 400 IU TAB,ROCKBON D 400 IU TAB 10S,15,29,,30,,39,6308,20,2911,
443,10000068,Stockist 10000068,2026-02,10000068_20260228_190503_ST-RAHPLTD-FEB-2026-28022026-1.xlsx,79,ROCKBON KIT TAB,ROCKBON KIT TAB 31S,31TAB,7,,0,,2,979,5,2204,
444,10000068,Stockist 10000068,2026-02,10000068_20260228_190503_ST-RAHPLTD-FEB-2026-28022026-1.xlsx,79,ROCKBON TAB,ROCKBON TABLETS 15S,15TAB,36,,0,,7,2570,29,9582,
445,10000068,Stockist 10000068,2026-02,10000068_20260228_190503_ST-RAHPLTD-FEB-2026-28022026-1.xlsx,90,SAFEDICLO CAP,SAFEDICLO CAPSULE 10S,10CAP,0,,0,,0,0,0,0,
446,10000068,Stockist 10000068,2026-02,10000068_20260228_190503_ST-RAHPLTD-FEB-2026-28022026-1.xlsx,79,THIOSPAS 4MG CAP,,15,18,,0,,1,303,17,4636,
447,10000068,Stockist 10000068,2026-02,10000068_20260228_190503_ST-RAHPLTD-FEB-2026-28022026-1.xlsx,79,THIOSPAS A 4 TABLETS,Thiospas A4 Tablets 15s,15,6,,10,,6,2107,10,3161,
448,10000068,Stockist 10000068,2026-02,10000068_20260228_190503_ST-RAHPLTD-FEB-2026-28022026-1.xlsx,79,THIOSPAS A 8 TABLETS,Thiospas A4 Tablets 15s,15,0,,0,,0,0,0,0,
449,10000068,Stockist 10000068,2026-02,10000068_20260228_190503_ST-RAHPLTD-FEB-2026-28022026-1.xlsx,79,ZOLEPHOS,Zolephos  100ML,100ML,0,,2,,0,0,2,5476,
450,10000068,Stockist 10000068,2026-02,10000068_20260228_190503_ST-RAHPLTD-FEB-2026-28022026-1.xlsx,94,NERVUP PN TAB,Nervup PN tabs 10s,10TAB,0,,0,,0,0,0,0,
451,10000068,Stockist 10000068,2026-02,10000068_20260228_190503_ST-RAHPLTD-FEB-2026-28022026-1.xlsx,62,REFSAV 100MG TAB,RefSAV 100mg 14s Tab,14TAB,0,,0,,0,0,0,0,
452,10000068,Stockist 10000068,2026-02,10000068_20260228_190503_ST-RAHPLTD-FEB-2026-28022026-1.xlsx,62,REFSAV 50MG TAB,RefSAV 100mg 14s Tab,14TAB,0,,0,,0,0,0,0,
453,10000068,Stockist 10000068,2026-02,10000068_20260228_190503_ST-RAHPLTD-FEB-2026-28022026-1.xlsx,62,SIAGLIDE 100MG TAB,Siaglide-D  10mg Tab 10s,15TAB,16,,20,,12,2858,24,5144,
454,10000068,Stockist 10000068,2026-02,10000068_20260228_190503_ST-RAHPLTD-FEB-2026-28022026-1.xlsx,62,SIAGLIDE 50MG TAB,Siaglide-D  10mg Tab 10s,15TAB,26,,0,,0,0,26,4405,
455,10000068,Stockist 10000068,2026-02,10000068_20260228_190503_ST-RAHPLTD-FEB-2026-28022026-1.xlsx,62,SIAGLIDE D 100MG+10MG TAB,Siaglide M OD 15s Tab,10TAB,21,,20,,21,3812,20,3267,
456,10000068,Stockist 10000068,2026-02,10000068_20260228_190503_ST-RAHPLTD-FEB-2026-28022026-1.xlsx,62,SIAGLIDE M 50MG+1000MG TAB,Siaglide M 500 15s Tab,15TAB,29,,0,,9,2182,20,4364,
457,10000068,Stockist 10000068,2026-02,10000068_20260228_190503_ST-RAHPLTD-FEB-2026-28022026-1.xlsx,62,SIAGLIDE M 50MG+500MG TAB,Siaglide M 500 15s Tab,15TAB,9,,0,,4,827,5,931,
458,10000068,Stockist 10000068,2026-02,10000068_20260228_190503_ST-RAHPLTD-FEB-2026-28022026-1.xlsx,62,SIAGLIDE M OD 100/500MG,,10,13,,0,,3,620,10,1859,
459,10000068,Stockist 10000068,2026-02,10000068_20260228_190503_ST-RAHPLTD-FEB-2026-28022026-1.xlsx,62,SIAGLIDE M OD 100MG+1000MG,,15TAB,5,,0,,0,0,5,1271,
460,10000068,Stockist 10000068,2026-02,10000068_20260228_190503_ST-RAHPLTD-FEB-2026-28022026-1.xlsx,62,SIAGLIDE MG 1 FORTE TAB,Siaglide MG 2 Forte tabs 10s,10TAB,0,,0,,0,0,0,0,
461,10000068,Stockist 10000068,2026-02,10000068_20260228_190503_ST-RAHPLTD-FEB-2026-28022026-1.xlsx,62,SIAGLIDE MG 2 FORTE TAB,Siaglide MG 2 Forte tabs 10s,10TAB,0,,0,,0,0,0,0,
462,10000068,Stockist 10000068,2026-02,10000068_20260228_190503_ST-RAHPLTD-FEB-2026-28022026-1.xlsx,62,SUPERMET AM TAB,Supermet  AM Tablet  10s,10TAB,13,,10,,10,1596,13,1867,
463,10000068,Stockist 10000068,2026-02,10000068_20260228_190503_ST-RAHPLTD-FEB-2026-28022026-1.xlsx,62,SUPERMET XL 100MG (DPCO),,10TAB,10,,0,,1,120,9,971,
464,10000068,Stockist 10000068,2026-02,10000068_20260228_190503_ST-RAHPLTD-FEB-2026-28022026-1.xlsx,62,SUPERMET XL 25MG (DPCO),,15,20,,10,,7,339,23,1003,
465,10000068,Stockist 10000068,2026-02,10000068_20260228_190503_ST-RAHPLTD-FEB-2026-28022026-1.xlsx,62,SUPERMET XL 50MG (DPCO),,15TAB,11,,0,,3,213,8,512,
466,10000068,Stockist 10000068,2026-02,10000068_20260228_190503_ST-RAHPLTD-FEB-2026-28022026-1.xlsx,62,TELPRES 20MG (DPCO),,15,16,,10,,8,379,18,767,
467,10000068,Stockist 10000068,2026-02,10000068_20260228_190503_ST-RAHPLTD-FEB-2026-28022026-1.xlsx,62,TELPRES 40H MG 12.5MG,,15TAB,9,,0,,5,1453,4,1046,
468,10000068,Stockist 10000068,2026-02,10000068_20260228_190503_ST-RAHPLTD-FEB-2026-28022026-1.xlsx,62,TELPRES 40MG (DPCO),,15TAB,19,,20,,18,1485,21,1560,
469,10000068,Stockist 10000068,2026-02,10000068_20260228_190503_ST-RAHPLTD-FEB-2026-28022026-1.xlsx,62,TELPRES 80MG TAB (DPCO),,15,10,,0,,0,0,10,1143,
470,10000068,Stockist 10000068,2026-02,10000068_20260228_190503_ST-RAHPLTD-FEB-2026-28022026-1.xlsx,62,TELPRES AM TAB,TELPRES AM TABS 15T,15,8,,0,,0,0,8,1807,
471,10000068,Stockist 10000068,2026-02,10000068_20260228_190503_ST-RAHPLTD-FEB-2026-28022026-1.xlsx,62,TELPRES AMH TAB,TELPRES-AMH tabs 10s,10TAB,0,,0,,0,0,0,0,
472,10000068,Stockist 10000068,2026-02,10000068_20260228_190503_ST-RAHPLTD-FEB-2026-28022026-1.xlsx,62,TELPRES TRIO,,10TAB,0,,0,,0,0,0,0,
473,10000068,Stockist 10000068,2026-02,10000068_20260228_190503_ST-RAHPLTD-FEB-2026-28022026-1.xlsx,62,TELPRESS TRIO 12.5 MG TAB,,15,13,,0,,5,875,8,1260,
474,10000068,Stockist 10000068,2026-02,10000068_20260228_190503_ST-RAHPLTD-FEB-2026-28022026-1.xlsx,76,FAMTAC 40MG TAB,FAMTAC 40 MG 14T,14TAB,60,,60,,54,1644,66,1808,
475,10000068,Stockist 10000068,2026-02,10000068_20260228_190503_ST-RAHPLTD-FEB-2026-28022026-1.xlsx,76,HANSEPRAN 100MG CAP,HANSEPRAN 100 MG 10 Capsules,10CAP,172,,0,,65,1975,110,3153,
476,10000068,Stockist 10000068,2026-02,10000068_20260228_190503_ST-RAHPLTD-FEB-2026-28022026-1.xlsx,76,HANSEPRAN 50 MG CAP,HANSEPRAN 50MG 10 Capsules,10CAP,84,,50,,84,1418,50,760,
477,10000068,Stockist 10000068,2026-02,10000068_20260228_190503_ST-RAHPLTD-FEB-2026-28022026-1.xlsx,90,PHENSEDYL CR,PHENSEDYL LR 100ML,100ML,0,,0,,0,0,0,0,
478,10000068,Stockist 10000068,2026-02,10000068_20260228_190503_ST-RAHPLTD-FEB-2026-28022026-1.xlsx,90,PHENSEDYL LR SYRUP,Phensedyl CR 100ml syrup,100ML,0,,0,,0,0,0,0,
479,10000068,Stockist 10000068,2026-02,10000068_20260228_190503_ST-RAHPLTD-FEB-2026-28022026-1.xlsx,51,ANAFORTAN INJ,Anafortan Inj 2 ml,2ML,100,,200,,100,2561,200,5634,
480,10000068,Stockist 10000068,2026-02,10000068_20260228_190503_ST-RAHPLTD-FEB-2026-28022026-1.xlsx,51,ANAFORTAN TAB,Anafortan tabs 15's,15TAB,12,,0,,1,72,11,709,
481,10000068,Stockist 10000068,2026-02,10000068_20260228_190503_ST-RAHPLTD-FEB-2026-28022026-1.xlsx,51,ESOKEM 40MG CAP,,15TAB,0,,0,,0,0,0,0,
482,10000068,Stockist 10000068,2026-02,10000068_20260228_190503_ST-RAHPLTD-FEB-2026-28022026-1.xlsx,51,ESOKEM D CAP,Esokem D caps 15s,15CAP,48,,0,,1,139,47,5871,
483,10000068,Stockist 10000068,2026-02,10000068_20260228_190503_ST-RAHPLTD-FEB-2026-28022026-1.xlsx,51,PROTUSSA COUGH SYRUP,PROTUSSA 60 ML,60ML,34,,0,,15,1037,19,1182,
